Iteration,Walker_Type,Walker_ID,Step,x0,x1
0,turtle,0,1,0,1
0,turtle,1,1,0,1
0,turtle,2,1,2,1
0,turtle,3,1,0,1
0,turtle,4,1,2,1
0,rabbit,5,1,3,1
0,turtle,0,2,0,2
0,turtle,1,2,0,0
0,turtle,2,2,2,2
0,turtle,3,2,0,0
0,turtle,4,2,2,2
0,rabbit,5,2,1,1
0,turtle,0,3,0,1
0,turtle,1,3,1,0
0,turtle,2,3,2,1
0,turtle,3,3,1,0
0,turtle,4,3,1,2
0,rabbit,5,3,3,1
0,turtle,0,4,0,0
0,turtle,1,4,2,0
0,turtle,2,4,3,1
0,turtle,3,4,2,0
0,turtle,4,4,2,2
0,rabbit,5,4,3,3
0,turtle,0,5,1,0
0,turtle,1,5,1,0
0,turtle,2,5,3,2
0,turtle,3,5,1,0
0,turtle,4,5,2,3
0,rabbit,5,5,1,3
0,turtle,0,6,1,1
0,turtle,1,6,1,1
0,turtle,2,6,3,1
0,turtle,3,6,1,1
0,turtle,4,6,3,3
1,turtle,0,1,0,1
1,turtle,1,1,1,0
1,turtle,2,1,0,1
1,turtle,3,1,0,1
1,turtle,4,1,0,1
1,rabbit,5,1,3,1
1,turtle,0,2,1,1
1,turtle,1,2,2,0
1,turtle,2,2,1,1
1,turtle,3,2,1,1
1,turtle,4,2,0,0
1,rabbit,5,2,1,1
1,turtle,0,3,0,1
1,turtle,1,3,1,0
1,turtle,2,3,0,1
1,turtle,3,3,0,1
1,turtle,4,3,0,1
1,rabbit,5,3,3,1
1,turtle,0,4,1,1
1,turtle,1,4,2,0
1,turtle,2,4,0,2
1,turtle,3,4,0,2
1,turtle,4,4,1,1
1,rabbit,5,4,1,1
1,turtle,0,5,1,0
1,turtle,1,5,1,0
1,turtle,2,5,0,1
1,turtle,3,5,0,1
1,turtle,4,5,0,1
1,rabbit,5,5,3,1
1,turtle,0,6,0,0
1,turtle,1,6,0,0
1,turtle,2,6,1,1
1,turtle,3,6,0,2
1,turtle,4,6,0,0
1,rabbit,5,6,3,3
1,turtle,0,7,0,1
1,turtle,1,7,1,0
1,turtle,2,7,1,0
1,turtle,3,7,0,1
1,turtle,4,7,1,0
1,rabbit,5,7,3,1
1,turtle,0,8,0,2
1,turtle,1,8,0,0
1,turtle,2,8,0,0
1,turtle,3,8,0,0
1,turtle,4,8,1,1
1,rabbit,5,8,1,1
1,turtle,0,9,0,1
1,turtle,1,9,0,1
1,turtle,2,9,1,0
1,turtle,3,9,0,1
1,turtle,4,9,2,1
1,rabbit,5,9,3,1
1,turtle,0,10,0,2
1,turtle,1,10,0,2
1,turtle,2,10,0,0
1,turtle,3,10,0,2
1,turtle,4,10,2,2
1,rabbit,5,10,1,1
1,turtle,0,11,0,1
1,turtle,1,11,0,1
1,turtle,2,11,1,0
1,turtle,3,11,0,1
1,turtle,4,11,2,1
1,rabbit,5,11,3,1
1,turtle,0,12,1,1
1,turtle,1,12,0,2
1,turtle,2,12,2,0
1,turtle,3,12,0,0
1,turtle,4,12,2,2
1,rabbit,5,12,1,1
1,turtle,0,13,0,1
1,turtle,1,13,0,1
1,turtle,2,13,1,0
1,turtle,3,13,1,0
1,turtle,4,13,2,3
1,rabbit,5,13,3,1
1,turtle,0,14,0,2
1,turtle,1,14,0,2
1,turtle,2,14,2,0
1,turtle,3,14,0,0
1,turtle,4,14,3,3
1,rabbit,5,14,3,3
1,turtle,0,15,0,1
1,turtle,1,15,0,1
1,turtle,2,15,1,0
1,turtle,3,15,0,1
1,turtle,4,15,2,3
1,rabbit,5,15,3,1
1,turtle,0,16,0,2
1,turtle,1,16,0,0
1,turtle,2,16,1,1
1,turtle,3,16,0,0
1,turtle,4,16,3,3
1,rabbit,5,16,3,3
1,turtle,0,17,0,1
1,turtle,1,17,1,0
1,turtle,2,17,1,0
1,turtle,3,17,1,0
1,turtle,4,17,2,3
1,rabbit,5,17,3,1
1,turtle,0,18,0,2
1,turtle,1,18,2,0
1,turtle,2,18,1,1
1,turtle,3,18,1,1
1,turtle,4,18,2,2
1,rabbit,5,18,1,1
1,turtle,0,19,0,1
1,turtle,1,19,1,0
1,turtle,2,19,2,1
1,turtle,3,19,0,1
1,turtle,4,19,1,2
1,rabbit,5,19,3,1
1,turtle,0,20,0,0
1,turtle,1,20,1,1
1,turtle,2,20,2,2
1,turtle,3,20,0,2
1,turtle,4,20,2,2
1,rabbit,5,20,3,3
1,turtle,0,21,1,0
1,turtle,1,21,0,1
1,turtle,2,21,2,1
1,turtle,3,21,0,1
1,turtle,4,21,3,2
1,rabbit,5,21,3,1
1,turtle,0,22,0,0
1,turtle,1,22,0,2
1,turtle,2,22,2,2
1,turtle,3,22,0,0
1,turtle,4,22,3,1
1,rabbit,5,22,3,3
1,turtle,0,23,1,0
1,turtle,1,23,0,1
1,turtle,2,23,3,2
1,turtle,3,23,1,0
1,turtle,4,23,3,2
1,rabbit,5,23,1,3
1,turtle,0,24,2,0
1,turtle,1,24,1,1
1,turtle,2,24,3,1
1,turtle,3,24,2,0
1,turtle,4,24,3,1
2,turtle,0,1,1,0
2,turtle,1,1,0,1
2,turtle,2,1,0,1
2,turtle,3,1,0,1
2,turtle,4,1,2,1
2,rabbit,5,1,3,1
2,turtle,0,2,2,0
2,turtle,1,2,0,2
2,turtle,2,2,0,0
2,turtle,3,2,0,2
2,turtle,4,2,3,1
2,rabbit,5,2,1,1
2,turtle,0,3,1,0
2,turtle,1,3,0,1
2,turtle,2,3,1,0
2,turtle,3,3,0,1
2,turtle,4,3,2,1
2,rabbit,5,3,3,1
2,turtle,0,4,1,1
2,turtle,1,4,1,1
2,turtle,2,4,0,0
2,turtle,3,4,0,0
2,turtle,4,4,1,1
2,rabbit,5,4,1,1
2,turtle,0,5,2,1
2,turtle,1,5,0,1
2,turtle,2,5,0,1
2,turtle,3,5,1,0
2,turtle,4,5,1,0
2,rabbit,5,5,3,1
2,turtle,0,6,3,1
2,turtle,1,6,0,0
2,turtle,2,6,0,0
2,turtle,3,6,1,1
2,turtle,4,6,2,0
2,rabbit,5,6,3,3
2,turtle,0,7,3,2
2,turtle,1,7,1,0
2,turtle,2,7,1,0
2,turtle,3,7,0,1
2,turtle,4,7,1,0
2,rabbit,5,7,1,3
2,turtle,0,8,3,1
2,turtle,1,8,0,0
2,turtle,2,8,2,0
2,turtle,3,8,0,0
2,turtle,4,8,2,0
3,turtle,0,1,0,1
3,turtle,1,1,2,1
3,turtle,2,1,0,1
3,turtle,3,1,2,1
3,turtle,4,1,1,0
3,rabbit,5,1,3,1
3,turtle,0,2,0,0
3,turtle,1,2,1,1
3,turtle,2,2,0,0
3,turtle,3,2,2,2
3,turtle,4,2,0,0
3,rabbit,5,2,3,3
3,turtle,0,3,0,1
3,turtle,1,3,0,1
3,turtle,2,3,1,0
3,turtle,3,3,2,1
3,turtle,4,3,0,1
3,rabbit,5,3,3,1
3,turtle,0,4,0,0
3,turtle,1,4,0,2
3,turtle,2,4,2,0
3,turtle,3,4,3,1
3,turtle,4,4,0,0
3,rabbit,5,4,3,3
3,turtle,0,5,0,1
3,turtle,1,5,0,1
3,turtle,2,5,1,0
3,turtle,3,5,3,2
3,turtle,4,5,0,1
3,rabbit,5,5,1,3
3,turtle,0,6,0,2
3,turtle,1,6,0,2
3,turtle,2,6,1,1
3,turtle,3,6,3,3
3,turtle,4,6,0,0
4,turtle,0,1,2,1
4,turtle,1,1,0,1
4,turtle,2,1,1,0
4,turtle,3,1,0,1
4,turtle,4,1,0,1
4,rabbit,5,1,3,1
4,turtle,0,2,3,1
4,turtle,1,2,0,2
4,turtle,2,2,1,1
4,turtle,3,2,0,0
4,turtle,4,2,0,0
4,rabbit,5,2,3,3
4,turtle,0,3,2,1
4,turtle,1,3,0,1
4,turtle,2,3,0,1
4,turtle,3,3,0,1
4,turtle,4,3,1,0
4,rabbit,5,3,3,1
4,turtle,0,4,2,2
4,turtle,1,4,0,2
4,turtle,2,4,1,1
4,turtle,3,4,0,2
4,turtle,4,4,1,1
4,rabbit,5,4,1,1
4,turtle,0,5,2,3
4,turtle,1,5,0,1
4,turtle,2,5,2,1
4,turtle,3,5,0,1
4,turtle,4,5,1,0
4,rabbit,5,5,3,1
4,turtle,0,6,2,2
4,turtle,1,6,0,2
4,turtle,2,6,3,1
4,turtle,3,6,0,0
4,turtle,4,6,1,1
4,rabbit,5,6,3,3
4,turtle,0,7,2,1
4,turtle,1,7,0,1
4,turtle,2,7,2,1
4,turtle,3,7,0,1
4,turtle,4,7,2,1
4,rabbit,5,7,3,1
4,turtle,0,8,3,1
4,turtle,1,8,1,1
4,turtle,2,8,2,2
4,turtle,3,8,0,2
4,turtle,4,8,3,1
4,rabbit,5,8,3,3
4,turtle,0,9,2,1
4,turtle,1,9,1,0
4,turtle,2,9,1,2
4,turtle,3,9,0,1
4,turtle,4,9,2,1
4,rabbit,5,9,1,3
4,turtle,0,10,3,1
4,turtle,1,10,0,0
4,turtle,2,10,2,2
4,turtle,3,10,0,2
4,turtle,4,10,2,2
5,turtle,0,1,1,0
5,turtle,1,1,1,0
5,turtle,2,1,2,1
5,turtle,3,1,2,1
5,turtle,4,1,2,1
5,rabbit,5,1,3,1
5,turtle,0,2,2,0
5,turtle,1,2,0,0
5,turtle,2,2,2,2
5,turtle,3,2,1,1
5,turtle,4,2,3,1
5,rabbit,5,2,3,3
5,turtle,0,3,1,0
5,turtle,1,3,0,1
5,turtle,2,3,1,2
5,turtle,3,3,2,1
5,turtle,4,3,3,2
5,rabbit,5,3,1,3
5,turtle,0,4,0,0
5,turtle,1,4,0,2
5,turtle,2,4,2,2
5,turtle,3,4,1,1
5,turtle,4,4,2,2
6,turtle,0,1,0,1
6,turtle,1,1,0,1
6,turtle,2,1,0,1
6,turtle,3,1,0,1
6,turtle,4,1,2,1
6,rabbit,5,1,3,1
6,turtle,0,2,0,0
6,turtle,1,2,0,0
6,turtle,2,2,0,0
6,turtle,3,2,0,0
6,turtle,4,2,3,1
6,rabbit,5,2,1,1
6,turtle,0,3,0,1
6,turtle,1,3,0,1
6,turtle,2,3,0,1
6,turtle,3,3,0,1
6,turtle,4,3,3,2
6,rabbit,5,3,3,1
6,turtle,0,4,0,2
6,turtle,1,4,0,2
6,turtle,2,4,0,0
6,turtle,3,4,0,0
6,turtle,4,4,3,3
6,rabbit,5,4,1,1
6,turtle,0,5,0,1
6,turtle,1,5,0,1
6,turtle,2,5,0,1
6,turtle,3,5,1,0
6,turtle,4,5,2,3
6,rabbit,5,5,3,1
6,turtle,0,6,1,1
6,turtle,1,6,1,1
6,turtle,2,6,1,1
6,turtle,3,6,2,0
6,turtle,4,6,2,2
6,rabbit,5,6,1,1
6,turtle,0,7,0,1
6,turtle,1,7,2,1
6,turtle,2,7,2,1
6,turtle,3,7,1,0
6,turtle,4,7,1,2
6,rabbit,5,7,3,1
6,turtle,0,8,0,0
6,turtle,1,8,3,1
6,turtle,2,8,1,1
6,turtle,3,8,1,1
6,turtle,4,8,1,3
6,rabbit,5,8,1,1
6,turtle,0,9,1,0
6,turtle,1,9,3,2
6,turtle,2,9,1,0
6,turtle,3,9,2,1
7,turtle,0,1,2,1
7,turtle,1,1,1,0
7,turtle,2,1,1,0
7,turtle,3,1,0,1
7,turtle,4,1,1,0
7,rabbit,5,1,3,1
7,turtle,0,2,3,1
7,turtle,1,2,0,0
7,turtle,2,2,2,0
7,turtle,3,2,0,2
7,turtle,4,2,0,0
7,rabbit,5,2,1,1
7,turtle,0,3,3,2
7,turtle,1,3,1,0
7,turtle,2,3,1,0
7,turtle,3,3,0,1
7,turtle,4,3,1,0
7,rabbit,5,3,3,1
7,turtle,0,4,2,2
7,turtle,1,4,0,0
7,turtle,2,4,1,1
7,turtle,3,4,0,2
7,turtle,4,4,0,0
7,rabbit,5,4,3,3
7,turtle,0,5,3,2
7,turtle,1,5,1,0
7,turtle,2,5,1,0
7,turtle,3,5,0,1
7,turtle,4,5,0,1
7,rabbit,5,5,3,1
7,turtle,0,6,3,1
7,turtle,1,6,1,1
7,turtle,2,6,2,0
7,turtle,3,6,0,0
7,turtle,4,6,1,1
7,rabbit,5,6,1,1
7,turtle,0,7,3,2
7,turtle,1,7,0,1
7,turtle,2,7,1,0
7,turtle,3,7,1,0
7,turtle,4,7,0,1
7,rabbit,5,7,3,1
7,turtle,0,8,2,2
7,turtle,1,8,0,2
7,turtle,2,8,2,0
7,turtle,3,8,1,1
7,turtle,4,8,1,1
7,rabbit,5,8,1,1
7,turtle,0,9,3,2
7,turtle,1,9,0,1
7,turtle,2,9,1,0
7,turtle,3,9,0,1
7,turtle,4,9,0,1
7,rabbit,5,9,3,1
7,turtle,0,10,2,2
7,turtle,1,10,0,0
7,turtle,2,10,0,0
7,turtle,3,10,0,0
7,turtle,4,10,0,2
7,rabbit,5,10,3,3
7,turtle,0,11,2,3
7,turtle,1,11,1,0
7,turtle,2,11,1,0
7,turtle,3,11,0,1
7,turtle,4,11,0,1
7,rabbit,5,11,3,1
7,turtle,0,12,1,3
7,turtle,1,12,1,1
7,turtle,2,12,2,0
7,turtle,3,12,0,0
7,turtle,4,12,0,0
7,rabbit,5,12,3,3
8,turtle,0,1,0,1
8,turtle,1,1,2,1
8,turtle,2,1,1,0
8,turtle,3,1,1,0
8,turtle,4,1,1,0
8,rabbit,5,1,3,1
8,turtle,0,2,1,1
8,turtle,1,2,3,1
8,turtle,2,2,1,1
8,turtle,3,2,1,1
8,turtle,4,2,1,1
8,rabbit,5,2,3,3
8,turtle,0,3,0,1
8,turtle,1,3,3,2
8,turtle,2,3,2,1
8,turtle,3,3,2,1
8,turtle,4,3,0,1
8,rabbit,5,3,3,1
8,turtle,0,4,0,0
8,turtle,1,4,2,2
8,turtle,2,4,2,2
8,turtle,3,4,3,1
8,turtle,4,4,0,0
8,rabbit,5,4,3,3
8,turtle,0,5,0,1
8,turtle,1,5,1,2
8,turtle,2,5,1,2
8,turtle,3,5,2,1
8,turtle,4,5,0,1
8,rabbit,5,5,1,3
8,turtle,0,6,1,1
8,turtle,1,6,2,2
8,turtle,2,6,1,3
8,turtle,3,6,2,2
8,turtle,4,6,0,0
9,turtle,0,1,1,0
9,turtle,1,1,1,0
9,turtle,2,1,1,0
9,turtle,3,1,2,1
9,turtle,4,1,0,1
9,rabbit,5,1,3,1
9,turtle,0,2,0,0
9,turtle,1,2,2,0
9,turtle,2,2,1,1
9,turtle,3,2,2,2
9,turtle,4,2,0,2
9,rabbit,5,2,3,3
9,turtle,0,3,0,1
9,turtle,1,3,1,0
9,turtle,2,3,1,0
9,turtle,3,3,1,2
9,turtle,4,3,0,1
9,rabbit,5,3,1,3
9,turtle,0,4,1,1
9,turtle,1,4,2,0
9,turtle,2,4,1,1
9,turtle,3,4,2,2
9,turtle,4,4,0,2
10,turtle,0,1,2,1
10,turtle,1,1,0,1
10,turtle,2,1,2,1
10,turtle,3,1,0,1
10,turtle,4,1,1,0
10,rabbit,5,1,3,1
10,turtle,0,2,3,1
10,turtle,1,2,0,0
10,turtle,2,2,3,1
10,turtle,3,2,0,2
10,turtle,4,2,1,1
10,rabbit,5,2,1,1
10,turtle,0,3,3,2
10,turtle,1,3,1,0
10,turtle,2,3,2,1
10,turtle,3,3,0,1
10,turtle,4,3,0,1
10,rabbit,5,3,3,1
10,turtle,0,4,2,2
10,turtle,1,4,0,0
10,turtle,2,4,2,2
10,turtle,3,4,1,1
10,turtle,4,4,1,1
10,rabbit,5,4,3,3
10,turtle,0,5,2,3
10,turtle,1,5,1,0
10,turtle,2,5,2,3
10,turtle,3,5,1,0
10,turtle,4,5,1,0
10,rabbit,5,5,3,1
10,turtle,0,6,2,2
10,turtle,1,6,1,1
10,turtle,2,6,3,3
10,turtle,3,6,0,0
10,turtle,4,6,2,0
10,rabbit,5,6,1,1
10,turtle,0,7,3,2
10,turtle,1,7,2,1
10,turtle,2,7,2,3
10,turtle,3,7,0,1
10,turtle,4,7,1,0
10,rabbit,5,7,3,1
10,turtle,0,8,3,3
10,turtle,1,8,1,1
10,turtle,2,8,1,3
10,turtle,3,8,0,0
10,turtle,4,8,0,0
10,rabbit,5,8,3,3
10,turtle,0,9,2,3
10,turtle,1,9,1,0
11,turtle,0,1,2,1
11,turtle,1,1,1,0
11,turtle,2,1,0,1
11,turtle,3,1,0,1
11,turtle,4,1,0,1
11,rabbit,5,1,3,1
11,turtle,0,2,1,1
11,turtle,1,2,2,0
11,turtle,2,2,1,1
11,turtle,3,2,0,0
11,turtle,4,2,0,2
11,rabbit,5,2,3,3
11,turtle,0,3,1,0
11,turtle,1,3,1,0
11,turtle,2,3,0,1
11,turtle,3,3,0,1
11,turtle,4,3,0,1
11,rabbit,5,3,3,1
11,turtle,0,4,1,1
11,turtle,1,4,2,0
11,turtle,2,4,1,1
11,turtle,3,4,1,1
11,turtle,4,4,0,0
11,rabbit,5,4,3,3
11,turtle,0,5,0,1
11,turtle,1,5,1,0
11,turtle,2,5,2,1
11,turtle,3,5,0,1
11,turtle,4,5,0,1
11,rabbit,5,5,3,1
11,turtle,0,6,1,1
11,turtle,1,6,0,0
11,turtle,2,6,1,1
11,turtle,3,6,0,0
11,turtle,4,6,0,2
11,rabbit,5,6,3,3
11,turtle,0,7,1,0
11,turtle,1,7,0,1
11,turtle,2,7,2,1
11,turtle,3,7,0,1
11,turtle,4,7,0,1
11,rabbit,5,7,1,3
11,turtle,0,8,2,0
11,turtle,1,8,0,2
11,turtle,2,8,1,1
11,turtle,3,8,0,0
11,turtle,4,8,0,0
12,turtle,0,1,2,1
12,turtle,1,1,2,1
12,turtle,2,1,1,0
12,turtle,3,1,2,1
12,turtle,4,1,1,0
12,rabbit,5,1,3,1
12,turtle,0,2,1,1
12,turtle,1,2,3,1
12,turtle,2,2,1,1
12,turtle,3,2,1,1
12,turtle,4,2,0,0
12,rabbit,5,2,3,3
12,turtle,0,3,2,1
12,turtle,1,3,3,2
12,turtle,2,3,0,1
12,turtle,3,3,1,0
12,turtle,4,3,1,0
12,rabbit,5,3,1,3
12,turtle,0,4,2,2
12,turtle,1,4,3,3
12,turtle,2,4,0,0
12,turtle,3,4,2,0
12,turtle,4,4,0,0
13,turtle,0,1,0,1
13,turtle,1,1,0,1
13,turtle,2,1,0,1
13,turtle,3,1,0,1
13,turtle,4,1,0,1
13,rabbit,5,1,3,1
13,turtle,0,2,0,2
13,turtle,1,2,0,0
13,turtle,2,2,0,2
13,turtle,3,2,1,1
13,turtle,4,2,0,0
13,rabbit,5,2,3,3
13,turtle,0,3,0,1
13,turtle,1,3,1,0
13,turtle,2,3,0,1
13,turtle,3,3,2,1
13,turtle,4,3,1,0
13,rabbit,5,3,1,3
13,turtle,0,4,0,0
13,turtle,1,4,0,0
13,turtle,2,4,0,0
13,turtle,3,4,1,1
13,turtle,4,4,2,0
14,turtle,0,1,1,0
14,turtle,1,1,1,0
14,turtle,2,1,2,1
14,turtle,3,1,1,0
14,turtle,4,1,2,1
14,rabbit,5,1,3,1
14,turtle,0,2,2,0
14,turtle,1,2,0,0
14,turtle,2,2,2,2
14,turtle,3,2,1,1
14,turtle,4,2,3,1
14,rabbit,5,2,3,3
14,turtle,0,3,1,0
14,turtle,1,3,1,0
14,turtle,2,3,2,3
14,turtle,3,3,1,0
14,turtle,4,3,2,1
14,rabbit,5,3,3,1
14,turtle,0,4,1,1
14,turtle,1,4,0,0
14,turtle,2,4,3,3
14,turtle,3,4,0,0
14,turtle,4,4,3,1
14,rabbit,5,4,1,1
14,turtle,0,5,1,0
14,turtle,1,5,0,1
14,turtle,2,5,2,3
14,turtle,3,5,0,1
14,turtle,4,5,2,1
14,rabbit,5,5,3,1
14,turtle,0,6,2,0
14,turtle,1,6,0,0
14,turtle,2,6,3,3
14,turtle,3,6,0,2
14,turtle,4,6,1,1
14,rabbit,5,6,3,3
14,turtle,0,7,1,0
14,turtle,1,7,0,1
14,turtle,2,7,3,2
14,turtle,3,7,0,1
14,turtle,4,7,1,0
14,rabbit,5,7,3,1
14,turtle,0,8,0,0
14,turtle,1,8,0,2
14,turtle,2,8,2,2
14,turtle,3,8,0,2
14,turtle,4,8,1,1
14,rabbit,5,8,3,3
14,turtle,0,9,1,0
14,turtle,1,9,0,1
14,turtle,2,9,2,3
14,turtle,3,9,0,1
14,turtle,4,9,1,0
14,rabbit,5,9,3,1
14,turtle,0,10,1,1
14,turtle,1,10,0,0
14,turtle,2,10,3,3
14,turtle,3,10,0,0
14,turtle,4,10,0,0
14,rabbit,5,10,1,1
14,turtle,0,11,1,0
14,turtle,1,11,1,0
14,turtle,2,11,3,2
14,turtle,3,11,1,0
14,turtle,4,11,0,1
14,rabbit,5,11,3,1
14,turtle,0,12,2,0
14,turtle,1,12,1,1
14,turtle,2,12,2,2
14,turtle,3,12,1,1
14,turtle,4,12,1,1
14,rabbit,5,12,1,1
14,turtle,0,13,1,0
14,turtle,1,13,2,1
14,turtle,2,13,3,2
14,turtle,3,13,1,0
14,turtle,4,13,2,1
14,rabbit,5,13,3,1
14,turtle,0,14,1,1
14,turtle,1,14,3,1
14,turtle,2,14,3,3
14,turtle,3,14,0,0
14,turtle,4,14,3,1
14,rabbit,5,14,3,3
14,turtle,0,15,1,0
14,turtle,1,15,2,1
14,turtle,2,15,2,3
14,turtle,3,15,1,0
14,turtle,4,15,3,2
14,rabbit,5,15,3,1
14,turtle,0,16,2,0
14,turtle,1,16,1,1
14,turtle,2,16,1,3
14,turtle,3,16,1,1
14,turtle,4,16,2,2
14,rabbit,5,16,3,3
14,turtle,0,17,1,0
14,turtle,1,17,1,0
15,turtle,0,1,1,0
15,turtle,1,1,1,0
15,turtle,2,1,0,1
15,turtle,3,1,2,1
15,turtle,4,1,1,0
15,rabbit,5,1,3,1
15,turtle,0,2,0,0
15,turtle,1,2,2,0
15,turtle,2,2,0,0
15,turtle,3,2,2,2
15,turtle,4,2,1,1
15,rabbit,5,2,1,1
15,turtle,0,3,1,0
15,turtle,1,3,1,0
15,turtle,2,3,0,1
15,turtle,3,3,2,3
15,turtle,4,3,0,1
15,rabbit,5,3,3,1
15,turtle,0,4,1,1
15,turtle,1,4,1,1
15,turtle,2,4,0,0
15,turtle,3,4,1,3
15,turtle,4,4,0,2
15,rabbit,5,4,1,1
15,turtle,0,5,0,1
15,turtle,1,5,0,1
15,turtle,2,5,1,0
16,turtle,0,1,2,1
16,turtle,1,1,0,1
16,turtle,2,1,2,1
16,turtle,3,1,1,0
16,turtle,4,1,1,0
16,rabbit,5,1,3,1
16,turtle,0,2,3,1
16,turtle,1,2,1,1
16,turtle,2,2,3,1
16,turtle,3,2,0,0
16,turtle,4,2,1,1
16,rabbit,5,2,1,1
16,turtle,0,3,2,1
16,turtle,1,3,1,0
16,turtle,2,3,2,1
16,turtle,3,3,1,0
16,turtle,4,3,0,1
16,rabbit,5,3,3,1
16,turtle,0,4,1,1
16,turtle,1,4,1,1
16,turtle,2,4,1,1
16,turtle,3,4,0,0
16,turtle,4,4,0,0
16,rabbit,5,4,3,3
16,turtle,0,5,1,0
16,turtle,1,5,0,1
16,turtle,2,5,0,1
16,turtle,3,5,0,1
16,turtle,4,5,1,0
16,rabbit,5,5,1,3
16,turtle,0,6,0,0
16,turtle,1,6,0,0
16,turtle,2,6,0,2
16,turtle,3,6,0,0
16,turtle,4,6,2,0
17,turtle,0,1,1,0
17,turtle,1,1,2,1
17,turtle,2,1,1,0
17,turtle,3,1,2,1
17,turtle,4,1,2,1
17,rabbit,5,1,3,1
17,turtle,0,2,0,0
17,turtle,1,2,3,1
17,turtle,2,2,1,1
17,turtle,3,2,1,1
17,turtle,4,2,1,1
17,rabbit,5,2,3,3
17,turtle,0,3,1,0
17,turtle,1,3,2,1
17,turtle,2,3,1,0
17,turtle,3,3,1,0
17,turtle,4,3,0,1
17,rabbit,5,3,1,3
17,turtle,0,4,1,1
17,turtle,1,4,2,2
17,turtle,2,4,0,0
17,turtle,3,4,1,1
17,turtle,4,4,1,1
18,turtle,0,1,0,1
18,turtle,1,1,1,0
18,turtle,2,1,0,1
18,turtle,3,1,0,1
18,turtle,4,1,0,1
18,rabbit,5,1,3,1
18,turtle,0,2,1,1
18,turtle,1,2,0,0
18,turtle,2,2,0,0
18,turtle,3,2,0,2
18,turtle,4,2,1,1
18,rabbit,5,2,1,1
18,turtle,0,3,1,0
18,turtle,1,3,1,0
18,turtle,2,3,1,0
18,turtle,3,3,0,1
18,turtle,4,3,1,0
18,rabbit,5,3,3,1
18,turtle,0,4,0,0
18,turtle,1,4,0,0
18,turtle,2,4,0,0
18,turtle,3,4,1,1
18,turtle,4,4,1,1
18,rabbit,5,4,1,1
18,turtle,0,5,0,1
18,turtle,1,5,0,1
18,turtle,2,5,1,0
18,turtle,3,5,1,0
18,turtle,4,5,2,1
18,rabbit,5,5,3,1
18,turtle,0,6,0,0
18,turtle,1,6,1,1
18,turtle,2,6,2,0
18,turtle,3,6,2,0
18,turtle,4,6,3,1
18,rabbit,5,6,1,1
18,turtle,0,7,1,0
18,turtle,1,7,1,0
18,turtle,2,7,1,0
18,turtle,3,7,1,0
18,turtle,4,7,2,1
18,rabbit,5,7,3,1
18,turtle,0,8,0,0
18,turtle,1,8,2,0
18,turtle,2,8,0,0
18,turtle,3,8,2,0
18,turtle,4,8,2,2
18,rabbit,5,8,1,1
18,turtle,0,9,1,0
18,turtle,1,9,1,0
18,turtle,2,9,1,0
18,turtle,3,9,1,0
18,turtle,4,9,1,2
18,rabbit,5,9,3,1
18,turtle,0,10,1,1
18,turtle,1,10,0,0
18,turtle,2,10,2,0
18,turtle,3,10,1,1
18,turtle,4,10,2,2
18,rabbit,5,10,1,1
18,turtle,0,11,1,0
18,turtle,1,11,1,0
18,turtle,2,11,1,0
18,turtle,3,11,0,1
18,turtle,4,11,2,1
18,rabbit,5,11,3,1
18,turtle,0,12,1,1
18,turtle,1,12,1,1
18,turtle,2,12,0,0
18,turtle,3,12,0,0
18,turtle,4,12,2,2
18,rabbit,5,12,3,3
18,turtle,0,13,1,0
18,turtle,1,13,1,0
18,turtle,2,13,1,0
18,turtle,3,13,1,0
18,turtle,4,13,1,2
18,rabbit,5,13,3,1
18,turtle,0,14,0,0
18,turtle,1,14,1,1
18,turtle,2,14,0,0
18,turtle,3,14,0,0
18,turtle,4,14,2,2
18,rabbit,5,14,3,3
18,turtle,0,15,0,1
18,turtle,1,15,2,1
18,turtle,2,15,1,0
18,turtle,3,15,1,0
18,turtle,4,15,1,2
18,rabbit,5,15,3,1
18,turtle,0,16,1,1
18,turtle,1,16,1,1
18,turtle,2,16,1,1
18,turtle,3,16,0,0
18,turtle,4,16,2,2
18,rabbit,5,16,3,3
18,turtle,0,17,0,1
18,turtle,1,17,1,0
18,turtle,2,17,1,0
18,turtle,3,17,0,1
18,turtle,4,17,2,3
18,rabbit,5,17,1,3
18,turtle,0,18,0,2
18,turtle,1,18,1,1
18,turtle,2,18,2,0
18,turtle,3,18,1,1
18,turtle,4,18,1,3
19,turtle,0,1,0,1
19,turtle,1,1,0,1
19,turtle,2,1,2,1
19,turtle,3,1,2,1
19,turtle,4,1,0,1
19,rabbit,5,1,3,1
19,turtle,0,2,0,0
19,turtle,1,2,1,1
19,turtle,2,2,1,1
19,turtle,3,2,3,1
19,turtle,4,2,1,1
19,rabbit,5,2,1,1
19,turtle,0,3,1,0
19,turtle,1,3,1,0
19,turtle,2,3,2,1
19,turtle,3,3,2,1
19,turtle,4,3,2,1
19,rabbit,5,3,3,1
19,turtle,0,4,1,1
19,turtle,1,4,0,0
19,turtle,2,4,1,1
19,turtle,3,4,3,1
19,turtle,4,4,3,1
19,rabbit,5,4,1,1
19,turtle,0,5,2,1
19,turtle,1,5,1,0
19,turtle,2,5,0,1
19,turtle,3,5,3,2
19,turtle,4,5,3,2
19,rabbit,5,5,3,1
19,turtle,0,6,3,1
19,turtle,1,6,2,0
19,turtle,2,6,1,1
19,turtle,3,6,2,2
19,turtle,4,6,2,2
19,rabbit,5,6,3,3
19,turtle,0,7,2,1
19,turtle,1,7,1,0
19,turtle,2,7,2,1
19,turtle,3,7,3,2
19,turtle,4,7,3,2
19,rabbit,5,7,1,3
19,turtle,0,8,1,1
19,turtle,1,8,2,0
19,turtle,2,8,1,1
19,turtle,3,8,3,3
19,turtle,4,8,2,2
20,turtle,0,1,2,1
20,turtle,1,1,0,1
20,turtle,2,1,2,1
20,turtle,3,1,1,0
20,turtle,4,1,1,0
20,rabbit,5,1,3,1
20,turtle,0,2,1,1
20,turtle,1,2,1,1
20,turtle,2,2,1,1
20,turtle,3,2,2,0
20,turtle,4,2,0,0
20,rabbit,5,2,3,3
20,turtle,0,3,1,0
20,turtle,1,3,0,1
20,turtle,2,3,0,1
20,turtle,3,3,1,0
20,turtle,4,3,1,0
20,rabbit,5,3,1,3
20,turtle,0,4,0,0
20,turtle,1,4,1,1
20,turtle,2,4,0,2
20,turtle,3,4,1,1
20,turtle,4,4,1,1
21,turtle,0,1,2,1
21,turtle,1,1,2,1
21,turtle,2,1,1,0
21,turtle,3,1,2,1
21,turtle,4,1,2,1
21,rabbit,5,1,3,1
21,turtle,0,2,2,2
21,turtle,1,2,2,2
21,turtle,2,2,2,0
21,turtle,3,2,1,1
21,turtle,4,2,2,2
21,rabbit,5,2,3,3
21,turtle,0,3,3,2
21,turtle,1,3,3,2
21,turtle,2,3,1,0
21,turtle,3,3,1,0
21,turtle,4,3,2,3
21,rabbit,5,3,1,3
21,turtle,0,4,3,1
21,turtle,1,4,2,2
21,turtle,2,4,1,1
21,turtle,3,4,1,1
21,turtle,4,4,2,2
22,turtle,0,1,1,0
22,turtle,1,1,0,1
22,turtle,2,1,0,1
22,turtle,3,1,1,0
22,turtle,4,1,0,1
22,rabbit,5,1,3,1
22,turtle,0,2,0,0
22,turtle,1,2,1,1
22,turtle,2,2,0,0
22,turtle,3,2,0,0
22,turtle,4,2,0,0
22,rabbit,5,2,3,3
22,turtle,0,3,0,1
22,turtle,1,3,0,1
22,turtle,2,3,0,1
22,turtle,3,3,1,0
22,turtle,4,3,0,1
22,rabbit,5,3,1,3
22,turtle,0,4,0,0
22,turtle,1,4,0,2
22,turtle,2,4,0,0
22,turtle,3,4,2,0
22,turtle,4,4,0,0
23,turtle,0,1,2,1
23,turtle,1,1,1,0
23,turtle,2,1,0,1
23,turtle,3,1,2,1
23,turtle,4,1,0,1
23,rabbit,5,1,3,1
23,turtle,0,2,2,2
23,turtle,1,2,1,1
23,turtle,2,2,0,0
23,turtle,3,2,1,1
23,turtle,4,2,1,1
23,rabbit,5,2,3,3
23,turtle,0,3,2,1
23,turtle,1,3,1,0
23,turtle,2,3,1,0
23,turtle,3,3,1,0
23,turtle,4,3,2,1
23,rabbit,5,3,3,1
23,turtle,0,4,2,2
23,turtle,1,4,2,0
23,turtle,2,4,2,0
23,turtle,3,4,2,0
23,turtle,4,4,2,2
23,rabbit,5,4,3,3
23,turtle,0,5,2,3
23,turtle,1,5,1,0
23,turtle,2,5,1,0
23,turtle,3,5,1,0
23,turtle,4,5,1,2
23,rabbit,5,5,3,1
23,turtle,0,6,1,3
23,turtle,1,6,2,0
23,turtle,2,6,1,1
23,turtle,3,6,1,1
23,turtle,4,6,2,2
23,rabbit,5,6,1,1
24,turtle,0,1,2,1
24,turtle,1,1,2,1
24,turtle,2,1,0,1
24,turtle,3,1,2,1
24,turtle,4,1,2,1
24,rabbit,5,1,3,1
24,turtle,0,2,1,1
24,turtle,1,2,3,1
24,turtle,2,2,1,1
24,turtle,3,2,3,1
24,turtle,4,2,2,2
24,rabbit,5,2,1,1
24,turtle,0,3,2,1
24,turtle,1,3,3,2
24,turtle,2,3,1,0
24,turtle,3,3,2,1
24,turtle,4,3,2,1
24,rabbit,5,3,3,1
24,turtle,0,4,3,1
24,turtle,1,4,3,3
24,turtle,2,4,0,0
24,turtle,3,4,1,1
24,turtle,4,4,2,2
24,rabbit,5,4,3,3
24,turtle,0,5,3,2
24,turtle,1,5,2,3
24,turtle,2,5,0,1
24,turtle,3,5,1,0
24,turtle,4,5,2,1
24,rabbit,5,5,3,1
24,turtle,0,6,3,1
24,turtle,1,6,1,3
24,turtle,2,6,0,2
24,turtle,3,6,0,0
24,turtle,4,6,1,1
24,rabbit,5,6,3,3
24,turtle,0,7,2,1
25,turtle,0,1,2,1
25,turtle,1,1,0,1
25,turtle,2,1,0,1
25,turtle,3,1,2,1
25,turtle,4,1,1,0
25,rabbit,5,1,3,1
25,turtle,0,2,2,2
25,turtle,1,2,1,1
25,turtle,2,2,0,0
25,turtle,3,2,1,1
25,turtle,4,2,2,0
25,rabbit,5,2,3,3
25,turtle,0,3,1,2
25,turtle,1,3,0,1
25,turtle,2,3,1,0
25,turtle,3,3,2,1
25,turtle,4,3,1,0
25,rabbit,5,3,3,1
25,turtle,0,4,1,3
25,turtle,1,4,0,0
25,turtle,2,4,0,0
25,turtle,3,4,1,1
25,turtle,4,4,0,0
25,rabbit,5,4,3,3
26,turtle,0,1,1,0
26,turtle,1,1,0,1
26,turtle,2,1,0,1
26,turtle,3,1,2,1
26,turtle,4,1,0,1
26,rabbit,5,1,3,1
26,turtle,0,2,1,1
26,turtle,1,2,1,1
26,turtle,2,2,1,1
26,turtle,3,2,3,1
26,turtle,4,2,0,2
26,rabbit,5,2,3,3
26,turtle,0,3,2,1
26,turtle,1,3,1,0
26,turtle,2,3,2,1
26,turtle,3,3,2,1
26,turtle,4,3,0,1
26,rabbit,5,3,3,1
26,turtle,0,4,2,2
26,turtle,1,4,0,0
26,turtle,2,4,2,2
26,turtle,3,4,3,1
26,turtle,4,4,1,1
26,rabbit,5,4,3,3
26,turtle,0,5,2,3
26,turtle,1,5,1,0
26,turtle,2,5,2,3
26,turtle,3,5,2,1
26,turtle,4,5,0,1
26,rabbit,5,5,1,3
26,turtle,0,6,2,2
26,turtle,1,6,2,0
26,turtle,2,6,1,3
26,turtle,3,6,2,2
26,turtle,4,6,1,1
27,turtle,0,1,1,0
27,turtle,1,1,0,1
27,turtle,2,1,2,1
27,turtle,3,1,2,1
27,turtle,4,1,0,1
27,rabbit,5,1,3,1
27,turtle,0,2,1,1
27,turtle,1,2,0,0
27,turtle,2,2,1,1
27,turtle,3,2,3,1
27,turtle,4,2,1,1
27,rabbit,5,2,3,3
27,turtle,0,3,2,1
27,turtle,1,3,0,1
27,turtle,2,3,1,0
27,turtle,3,3,3,2
27,turtle,4,3,1,0
27,rabbit,5,3,1,3
27,turtle,0,4,2,2
27,turtle,1,4,0,0
27,turtle,2,4,2,0
27,turtle,3,4,2,2
27,turtle,4,4,2,0
28,turtle,0,1,1,0
28,turtle,1,1,0,1
28,turtle,2,1,2,1
28,turtle,3,1,2,1
28,turtle,4,1,1,0
28,rabbit,5,1,3,1
28,turtle,0,2,1,1
28,turtle,1,2,0,2
28,turtle,2,2,1,1
28,turtle,3,2,3,1
28,turtle,4,2,2,0
28,rabbit,5,2,3,3
28,turtle,0,3,0,1
28,turtle,1,3,0,1
28,turtle,2,3,1,0
28,turtle,3,3,2,1
28,turtle,4,3,1,0
28,rabbit,5,3,1,3
28,turtle,0,4,1,1
28,turtle,1,4,0,0
28,turtle,2,4,2,0
28,turtle,3,4,1,1
28,turtle,4,4,1,1
29,turtle,0,1,1,0
29,turtle,1,1,1,0
29,turtle,2,1,1,0
29,turtle,3,1,1,0
29,turtle,4,1,2,1
29,rabbit,5,1,3,1
29,turtle,0,2,1,1
29,turtle,1,2,2,0
29,turtle,2,2,1,1
29,turtle,3,2,1,1
29,turtle,4,2,3,1
29,rabbit,5,2,1,1
29,turtle,0,3,1,0
29,turtle,1,3,1,0
29,turtle,2,3,1,0
29,turtle,3,3,0,1
29,turtle,4,3,3,2
29,rabbit,5,3,3,1
29,turtle,0,4,2,0
29,turtle,1,4,2,0
29,turtle,2,4,0,0
29,turtle,3,4,0,2
29,turtle,4,4,3,1
29,rabbit,5,4,3,3
29,turtle,0,5,1,0
29,turtle,1,5,1,0
29,turtle,2,5,0,1
29,turtle,3,5,0,1
29,turtle,4,5,2,1
29,rabbit,5,5,3,1
29,turtle,0,6,0,0
29,turtle,1,6,2,0
29,turtle,2,6,0,0
29,turtle,3,6,0,2
29,turtle,4,6,1,1
29,rabbit,5,6,1,1
29,turtle,0,7,0,1
29,turtle,1,7,1,0
29,turtle,2,7,0,1
29,turtle,3,7,0,1
29,turtle,4,7,0,1
29,rabbit,5,7,3,1
29,turtle,0,8,0,2
29,turtle,1,8,0,0
29,turtle,2,8,0,0
29,turtle,3,8,0,0
29,turtle,4,8,0,2
29,rabbit,5,8,1,1
29,turtle,0,9,0,1
29,turtle,1,9,0,1
29,turtle,2,9,0,1
29,turtle,3,9,0,1
29,turtle,4,9,0,1
29,rabbit,5,9,3,1
29,turtle,0,10,0,0
29,turtle,1,10,0,0
29,turtle,2,10,1,1
29,turtle,3,10,0,0
29,turtle,4,10,1,1
29,rabbit,5,10,3,3
29,turtle,0,11,0,1
29,turtle,1,11,1,0
29,turtle,2,11,0,1
29,turtle,3,11,0,1
29,turtle,4,11,2,1
29,rabbit,5,11,3,1
29,turtle,0,12,1,1
29,turtle,1,12,0,0
29,turtle,2,12,0,2
29,turtle,3,12,0,2
29,turtle,4,12,2,2
29,rabbit,5,12,1,1
29,turtle,0,13,1,0
29,turtle,1,13,1,0
29,turtle,2,13,0,1
29,turtle,3,13,0,1
29,turtle,4,13,2,1
29,rabbit,5,13,3,1
29,turtle,0,14,1,1
29,turtle,1,14,1,1
29,turtle,2,14,1,1
29,turtle,3,14,1,1
29,turtle,4,14,1,1
29,rabbit,5,14,3,3
29,turtle,0,15,2,1
29,turtle,1,15,2,1
29,turtle,2,15,2,1
29,turtle,3,15,0,1
29,turtle,4,15,0,1
29,rabbit,5,15,3,1
29,turtle,0,16,2,2
29,turtle,1,16,2,2
29,turtle,2,16,3,1
29,turtle,3,16,0,2
29,turtle,4,16,0,2
29,rabbit,5,16,1,1
29,turtle,0,17,2,1
29,turtle,1,17,2,3
29,turtle,2,17,3,2
29,turtle,3,17,0,1
29,turtle,4,17,0,1
29,rabbit,5,17,3,1
29,turtle,0,18,2,2
29,turtle,1,18,3,3
29,turtle,2,18,3,1
29,turtle,3,18,1,1
29,turtle,4,18,0,0
29,rabbit,5,18,1,1
29,turtle,0,19,2,1
29,turtle,1,19,3,2
29,turtle,2,19,2,1
29,turtle,3,19,2,1
29,turtle,4,19,1,0
29,rabbit,5,19,3,1
29,turtle,0,20,3,1
29,turtle,1,20,2,2
29,turtle,2,20,3,1
29,turtle,3,20,3,1
29,turtle,4,20,0,0
29,rabbit,5,20,1,1
29,turtle,0,21,3,2
29,turtle,1,21,2,1
29,turtle,2,21,3,2
29,turtle,3,21,3,2
29,turtle,4,21,1,0
29,rabbit,5,21,3,1
29,turtle,0,22,3,3
29,turtle,1,22,2,2
29,turtle,2,22,3,1
29,turtle,3,22,3,3
29,turtle,4,22,0,0
29,rabbit,5,22,3,3
29,turtle,0,23,3,2
29,turtle,1,23,2,1
29,turtle,2,23,2,1
29,turtle,3,23,2,3
29,turtle,4,23,0,1
29,rabbit,5,23,3,1
29,turtle,0,24,2,2
29,turtle,1,24,2,2
29,turtle,2,24,2,2
29,turtle,3,24,3,3
29,turtle,4,24,0,2
29,rabbit,5,24,3,3
29,turtle,0,25,2,3
29,turtle,1,25,1,2
29,turtle,2,25,3,2
29,turtle,3,25,3,2
29,turtle,4,25,0,1
29,rabbit,5,25,3,1
29,turtle,0,26,3,3
29,turtle,1,26,1,3
29,turtle,2,26,2,2
29,turtle,3,26,2,2
29,turtle,4,26,1,1
29,rabbit,5,26,3,3
29,turtle,0,27,3,2
30,turtle,0,1,2,1
30,turtle,1,1,0,1
30,turtle,2,1,0,1
30,turtle,3,1,2,1
30,turtle,4,1,0,1
30,rabbit,5,1,3,1
30,turtle,0,2,1,1
30,turtle,1,2,1,1
30,turtle,2,2,1,1
30,turtle,3,2,1,1
30,turtle,4,2,0,0
30,rabbit,5,2,1,1
30,turtle,0,3,2,1
30,turtle,1,3,1,0
30,turtle,2,3,1,0
30,turtle,3,3,2,1
30,turtle,4,3,0,1
30,rabbit,5,3,3,1
30,turtle,0,4,1,1
30,turtle,1,4,1,1
30,turtle,2,4,2,0
30,turtle,3,4,1,1
30,turtle,4,4,1,1
30,rabbit,5,4,1,1
30,turtle,0,5,1,0
30,turtle,1,5,0,1
30,turtle,2,5,1,0
30,turtle,3,5,1,0
30,turtle,4,5,0,1
30,rabbit,5,5,3,1
30,turtle,0,6,1,1
30,turtle,1,6,0,2
30,turtle,2,6,0,0
30,turtle,3,6,2,0
30,turtle,4,6,0,0
30,rabbit,5,6,1,1
30,turtle,0,7,0,1
30,turtle,1,7,0,1
30,turtle,2,7,0,1
30,turtle,3,7,1,0
30,turtle,4,7,0,1
30,rabbit,5,7,3,1
30,turtle,0,8,1,1
30,turtle,1,8,0,2
30,turtle,2,8,0,0
30,turtle,3,8,0,0
30,turtle,4,8,0,2
30,rabbit,5,8,3,3
30,turtle,0,9,2,1
30,turtle,1,9,0,1
30,turtle,2,9,1,0
30,turtle,3,9,0,1
30,turtle,4,9,0,1
30,rabbit,5,9,3,1
30,turtle,0,10,1,1
30,turtle,1,10,0,2
30,turtle,2,10,0,0
30,turtle,3,10,0,0
30,turtle,4,10,0,0
30,rabbit,5,10,3,3
30,turtle,0,11,1,0
30,turtle,1,11,0,1
30,turtle,2,11,1,0
30,turtle,3,11,0,1
30,turtle,4,11,1,0
30,rabbit,5,11,3,1
30,turtle,0,12,1,1
30,turtle,1,12,0,0
30,turtle,2,12,2,0
30,turtle,3,12,0,2
30,turtle,4,12,2,0
30,rabbit,5,12,3,3
30,turtle,0,13,2,1
30,turtle,1,13,0,1
30,turtle,2,13,1,0
30,turtle,3,13,0,1
30,turtle,4,13,1,0
30,rabbit,5,13,3,1
30,turtle,0,14,3,1
30,turtle,1,14,0,2
30,turtle,2,14,0,0
30,turtle,3,14,0,2
30,turtle,4,14,1,1
30,rabbit,5,14,3,3
30,turtle,0,15,2,1
30,turtle,1,15,0,1
30,turtle,2,15,1,0
30,turtle,3,15,0,1
30,turtle,4,15,0,1
30,rabbit,5,15,1,3
30,turtle,0,16,1,1
30,turtle,1,16,0,2
30,turtle,2,16,2,0
30,turtle,3,16,0,0
30,turtle,4,16,0,0
31,turtle,0,1,1,0
31,turtle,1,1,1,0
31,turtle,2,1,2,1
31,turtle,3,1,2,1
31,turtle,4,1,0,1
31,rabbit,5,1,3,1
31,turtle,0,2,2,0
31,turtle,1,2,2,0
31,turtle,2,2,1,1
31,turtle,3,2,1,1
31,turtle,4,2,0,2
31,rabbit,5,2,1,1
31,turtle,0,3,1,0
31,turtle,1,3,1,0
31,turtle,2,3,1,0
31,turtle,3,3,1,0
31,turtle,4,3,0,1
31,rabbit,5,3,3,1
31,turtle,0,4,2,0
31,turtle,1,4,2,0
31,turtle,2,4,1,1
31,turtle,3,4,0,0
31,turtle,4,4,0,0
31,rabbit,5,4,1,1
31,turtle,0,5,1,0
31,turtle,1,5,1,0
31,turtle,2,5,1,0
31,turtle,3,5,0,1
31,turtle,4,5,1,0
31,rabbit,5,5,3,1
31,turtle,0,6,2,0
31,turtle,1,6,1,1
31,turtle,2,6,1,1
31,turtle,3,6,0,2
31,turtle,4,6,1,1
31,rabbit,5,6,3,3
31,turtle,0,7,1,0
31,turtle,1,7,0,1
31,turtle,2,7,1,0
31,turtle,3,7,0,1
31,turtle,4,7,1,0
31,rabbit,5,7,3,1
31,turtle,0,8,0,0
31,turtle,1,8,1,1
31,turtle,2,8,1,1
31,turtle,3,8,1,1
31,turtle,4,8,0,0
31,rabbit,5,8,3,3
31,turtle,0,9,1,0
31,turtle,1,9,2,1
31,turtle,2,9,0,1
31,turtle,3,9,0,1
31,turtle,4,9,0,1
31,rabbit,5,9,1,3
31,turtle,0,10,0,0
31,turtle,1,10,3,1
31,turtle,2,10,1,1
31,turtle,3,10,1,1
31,turtle,4,10,0,2
32,turtle,0,1,2,1
32,turtle,1,1,1,0
32,turtle,2,1,1,0
32,turtle,3,1,2,1
32,turtle,4,1,2,1
32,rabbit,5,1,3,1
32,turtle,0,2,2,2
32,turtle,1,2,2,0
32,turtle,2,2,2,0
32,turtle,3,2,2,2
32,turtle,4,2,3,1
32,rabbit,5,2,3,3
32,turtle,0,3,2,3
32,turtle,1,3,1,0
32,turtle,2,3,1,0
32,turtle,3,3,2,1
32,turtle,4,3,2,1
32,rabbit,5,3,3,1
32,turtle,0,4,1,3
32,turtle,1,4,1,1
32,turtle,2,4,0,0
32,turtle,3,4,1,1
32,turtle,4,4,1,1
32,rabbit,5,4,1,1
33,turtle,0,1,2,1
33,turtle,1,1,2,1
33,turtle,2,1,2,1
33,turtle,3,1,2,1
33,turtle,4,1,1,0
33,rabbit,5,1,3,1
33,turtle,0,2,3,1
33,turtle,1,2,1,1
33,turtle,2,2,2,2
33,turtle,3,2,1,1
33,turtle,4,2,1,1
33,rabbit,5,2,1,1
33,turtle,0,3,2,1
33,turtle,1,3,2,1
33,turtle,2,3,2,3
33,turtle,3,3,0,1
33,turtle,4,3,2,1
33,rabbit,5,3,3,1
33,turtle,0,4,3,1
33,turtle,1,4,3,1
33,turtle,2,4,3,3
33,turtle,3,4,0,0
33,turtle,4,4,3,1
33,rabbit,5,4,1,1
33,turtle,0,5,3,2
33,turtle,1,5,2,1
33,turtle,2,5,3,2
33,turtle,3,5,0,1
33,turtle,4,5,3,2
33,rabbit,5,5,3,1
33,turtle,0,6,3,3
33,turtle,1,6,3,1
33,turtle,2,6,3,3
33,turtle,3,6,0,0
33,turtle,4,6,3,3
33,rabbit,5,6,1,1
33,turtle,0,7,3,2
33,turtle,1,7,3,2
33,turtle,2,7,3,2
33,turtle,3,7,1,0
33,turtle,4,7,2,3
33,rabbit,5,7,3,1
33,turtle,0,8,3,1
33,turtle,1,8,2,2
33,turtle,2,8,2,2
33,turtle,3,8,0,0
33,turtle,4,8,3,3
33,rabbit,5,8,1,1
33,turtle,0,9,3,2
33,turtle,1,9,3,2
33,turtle,2,9,1,2
33,turtle,3,9,1,0
33,turtle,4,9,2,3
33,rabbit,5,9,3,1
33,turtle,0,10,3,3
33,turtle,1,10,3,3
33,turtle,2,10,2,2
33,turtle,3,10,0,0
33,turtle,4,10,2,2
33,rabbit,5,10,3,3
33,turtle,0,11,2,3
33,turtle,1,11,2,3
33,turtle,2,11,2,1
33,turtle,3,11,0,1
33,turtle,4,11,2,1
33,rabbit,5,11,1,3
33,turtle,0,12,3,3
33,turtle,1,12,1,3
33,turtle,2,12,3,1
33,turtle,3,12,0,0
33,turtle,4,12,3,1
34,turtle,0,1,0,1
34,turtle,1,1,2,1
34,turtle,2,1,0,1
34,turtle,3,1,2,1
34,turtle,4,1,1,0
34,rabbit,5,1,3,1
34,turtle,0,2,1,1
34,turtle,1,2,2,2
34,turtle,2,2,0,0
34,turtle,3,2,3,1
34,turtle,4,2,0,0
34,rabbit,5,2,3,3
34,turtle,0,3,0,1
34,turtle,1,3,2,1
34,turtle,2,3,1,0
34,turtle,3,3,2,1
34,turtle,4,3,1,0
34,rabbit,5,3,1,3
34,turtle,0,4,1,1
34,turtle,1,4,2,2
34,turtle,2,4,2,0
34,turtle,3,4,3,1
34,turtle,4,4,2,0
35,turtle,0,1,1,0
35,turtle,1,1,1,0
35,turtle,2,1,0,1
35,turtle,3,1,2,1
35,turtle,4,1,1,0
35,rabbit,5,1,3,1
35,turtle,0,2,1,1
35,turtle,1,2,2,0
35,turtle,2,2,1,1
35,turtle,3,2,1,1
35,turtle,4,2,2,0
35,rabbit,5,2,3,3
35,turtle,0,3,1,0
35,turtle,1,3,1,0
35,turtle,2,3,0,1
35,turtle,3,3,0,1
35,turtle,4,3,1,0
35,rabbit,5,3,3,1
35,turtle,0,4,0,0
35,turtle,1,4,0,0
35,turtle,2,4,1,1
35,turtle,3,4,1,1
35,turtle,4,4,1,1
35,rabbit,5,4,1,1
35,turtle,0,5,0,1
35,turtle,1,5,0,1
35,turtle,2,5,1,0
35,turtle,3,5,2,1
35,turtle,4,5,1,0
35,rabbit,5,5,3,1
35,turtle,0,6,0,2
35,turtle,1,6,1,1
35,turtle,2,6,1,1
35,turtle,3,6,3,1
35,turtle,4,6,0,0
35,rabbit,5,6,1,1
35,turtle,0,7,0,1
35,turtle,1,7,1,0
35,turtle,2,7,2,1
35,turtle,3,7,3,2
35,turtle,4,7,1,0
35,rabbit,5,7,3,1
35,turtle,0,8,0,0
35,turtle,1,8,2,0
35,turtle,2,8,1,1
35,turtle,3,8,2,2
35,turtle,4,8,2,0
35,rabbit,5,8,3,3
35,turtle,0,9,0,1
35,turtle,1,9,1,0
35,turtle,2,9,0,1
35,turtle,3,9,2,3
35,turtle,4,9,1,0
35,rabbit,5,9,1,3
35,turtle,0,10,0,2
35,turtle,1,10,0,0
35,turtle,2,10,0,2
35,turtle,3,10,2,2
35,turtle,4,10,1,1
36,turtle,0,1,0,1
36,turtle,1,1,1,0
36,turtle,2,1,1,0
36,turtle,3,1,2,1
36,turtle,4,1,2,1
36,rabbit,5,1,3,1
36,turtle,0,2,0,0
36,turtle,1,2,1,1
36,turtle,2,2,1,1
36,turtle,3,2,2,2
36,turtle,4,2,3,1
36,rabbit,5,2,3,3
36,turtle,0,3,1,0
36,turtle,1,3,2,1
36,turtle,2,3,0,1
36,turtle,3,3,1,2
36,turtle,4,3,2,1
36,rabbit,5,3,1,3
36,turtle,0,4,0,0
36,turtle,1,4,3,1
36,turtle,2,4,0,2
36,turtle,3,4,1,3
36,turtle,4,4,2,2
37,turtle,0,1,2,1
37,turtle,1,1,2,1
37,turtle,2,1,1,0
37,turtle,3,1,0,1
37,turtle,4,1,2,1
37,rabbit,5,1,3,1
37,turtle,0,2,1,1
37,turtle,1,2,2,2
37,turtle,2,2,2,0
37,turtle,3,2,0,0
37,turtle,4,2,3,1
37,rabbit,5,2,3,3
37,turtle,0,3,1,0
37,turtle,1,3,2,1
37,turtle,2,3,1,0
37,turtle,3,3,1,0
37,turtle,4,3,3,2
37,rabbit,5,3,3,1
37,turtle,0,4,0,0
37,turtle,1,4,1,1
37,turtle,2,4,0,0
37,turtle,3,4,1,1
37,turtle,4,4,2,2
37,rabbit,5,4,1,1
37,turtle,0,5,1,0
37,turtle,1,5,2,1
37,turtle,2,5,1,0
37,turtle,3,5,0,1
37,turtle,4,5,2,1
37,rabbit,5,5,3,1
37,turtle,0,6,1,1
37,turtle,1,6,3,1
37,turtle,2,6,2,0
37,turtle,3,6,1,1
37,turtle,4,6,2,2
37,rabbit,5,6,1,1
37,turtle,0,7,2,1
37,turtle,1,7,2,1
37,turtle,2,7,1,0
37,turtle,3,7,1,0
37,turtle,4,7,2,1
37,rabbit,5,7,3,1
37,turtle,0,8,1,1
37,turtle,1,8,3,1
37,turtle,2,8,0,0
37,turtle,3,8,1,1
37,turtle,4,8,1,1
37,rabbit,5,8,1,1
37,turtle,0,9,0,1
37,turtle,1,9,3,2
37,turtle,2,9,0,1
37,turtle,3,9,2,1
37,turtle,4,9,2,1
37,rabbit,5,9,3,1
37,turtle,0,10,0,0
37,turtle,1,10,3,1
37,turtle,2,10,0,2
37,turtle,3,10,1,1
37,turtle,4,10,3,1
37,rabbit,5,10,3,3
37,turtle,0,11,0,1
37,turtle,1,11,3,2
37,turtle,2,11,0,1
37,turtle,3,11,1,0
37,turtle,4,11,3,2
37,rabbit,5,11,3,1
37,turtle,0,12,0,2
37,turtle,1,12,3,3
37,turtle,2,12,1,1
37,turtle,3,12,0,0
37,turtle,4,12,3,1
37,rabbit,5,12,3,3
37,turtle,0,13,0,1
37,turtle,1,13,3,2
37,turtle,2,13,0,1
37,turtle,3,13,0,1
37,turtle,4,13,2,1
37,rabbit,5,13,3,1
37,turtle,0,14,0,2
37,turtle,1,14,2,2
37,turtle,2,14,0,0
37,turtle,3,14,1,1
37,turtle,4,14,3,1
37,rabbit,5,14,1,1
37,turtle,0,15,0,1
37,turtle,1,15,1,2
37,turtle,2,15,1,0
37,turtle,3,15,1,0
37,turtle,4,15,2,1
37,rabbit,5,15,3,1
37,turtle,0,16,0,0
37,turtle,1,16,2,2
37,turtle,2,16,2,0
37,turtle,3,16,1,1
37,turtle,4,16,2,2
37,rabbit,5,16,1,1
37,turtle,0,17,0,1
37,turtle,1,17,3,2
37,turtle,2,17,1,0
37,turtle,3,17,0,1
37,turtle,4,17,2,3
37,rabbit,5,17,3,1
37,turtle,0,18,0,2
37,turtle,1,18,3,3
37,turtle,2,18,2,0
37,turtle,3,18,0,2
37,turtle,4,18,1,3
37,rabbit,5,18,1,1
37,turtle,0,19,0,1
37,turtle,1,19,3,2
37,turtle,2,19,1,0
37,turtle,3,19,0,1
38,turtle,0,1,0,1
38,turtle,1,1,2,1
38,turtle,2,1,2,1
38,turtle,3,1,1,0
38,turtle,4,1,0,1
38,rabbit,5,1,3,1
38,turtle,0,2,0,2
38,turtle,1,2,1,1
38,turtle,2,2,2,2
38,turtle,3,2,2,0
38,turtle,4,2,0,2
38,rabbit,5,2,1,1
38,turtle,0,3,0,1
38,turtle,1,3,2,1
38,turtle,2,3,3,2
38,turtle,3,3,1,0
38,turtle,4,3,0,1
38,rabbit,5,3,3,1
38,turtle,0,4,0,0
38,turtle,1,4,1,1
38,turtle,2,4,2,2
38,turtle,3,4,0,0
38,turtle,4,4,0,0
38,rabbit,5,4,3,3
38,turtle,0,5,1,0
38,turtle,1,5,1,0
38,turtle,2,5,1,2
38,turtle,3,5,0,1
38,turtle,4,5,0,1
38,rabbit,5,5,1,3
38,turtle,0,6,1,1
38,turtle,1,6,1,1
38,turtle,2,6,1,3
38,turtle,3,6,1,1
38,turtle,4,6,1,1
39,turtle,0,1,2,1
39,turtle,1,1,2,1
39,turtle,2,1,1,0
39,turtle,3,1,1,0
39,turtle,4,1,0,1
39,rabbit,5,1,3,1
39,turtle,0,2,2,2
39,turtle,1,2,2,2
39,turtle,2,2,1,1
39,turtle,3,2,2,0
39,turtle,4,2,0,0
39,rabbit,5,2,3,3
39,turtle,0,3,2,1
39,turtle,1,3,2,1
39,turtle,2,3,0,1
39,turtle,3,3,1,0
39,turtle,4,3,1,0
39,rabbit,5,3,1,3
39,turtle,0,4,1,1
39,turtle,1,4,2,2
39,turtle,2,4,0,0
39,turtle,3,4,2,0
39,turtle,4,4,2,0
40,turtle,0,1,1,0
40,turtle,1,1,2,1
40,turtle,2,1,2,1
40,turtle,3,1,1,0
40,turtle,4,1,1,0
40,rabbit,5,1,3,1
40,turtle,0,2,2,0
40,turtle,1,2,1,1
40,turtle,2,2,2,2
40,turtle,3,2,0,0
40,turtle,4,2,2,0
40,rabbit,5,2,3,3
40,turtle,0,3,1,0
40,turtle,1,3,0,1
40,turtle,2,3,1,2
40,turtle,3,3,0,1
40,turtle,4,3,1,0
40,rabbit,5,3,1,3
40,turtle,0,4,2,0
40,turtle,1,4,0,0
40,turtle,2,4,2,2
40,turtle,3,4,0,0
40,turtle,4,4,0,0
41,turtle,0,1,0,1
41,turtle,1,1,2,1
41,turtle,2,1,1,0
41,turtle,3,1,2,1
41,turtle,4,1,1,0
41,rabbit,5,1,3,1
41,turtle,0,2,0,0
41,turtle,1,2,2,2
41,turtle,2,2,2,0
41,turtle,3,2,1,1
41,turtle,4,2,0,0
41,rabbit,5,2,1,1
41,turtle,0,3,1,0
41,turtle,1,3,2,3
41,turtle,2,3,1,0
41,turtle,3,3,0,1
41,turtle,4,3,1,0
41,rabbit,5,3,3,1
41,turtle,0,4,1,1
41,turtle,1,4,1,3
41,turtle,2,4,1,1
41,turtle,3,4,1,1
41,turtle,4,4,0,0
41,rabbit,5,4,3,3
41,turtle,0,5,1,0
42,turtle,0,1,2,1
42,turtle,1,1,2,1
42,turtle,2,1,1,0
42,turtle,3,1,2,1
42,turtle,4,1,0,1
42,rabbit,5,1,3,1
42,turtle,0,2,1,1
42,turtle,1,2,2,2
42,turtle,2,2,0,0
42,turtle,3,2,3,1
42,turtle,4,2,1,1
42,rabbit,5,2,1,1
42,turtle,0,3,0,1
42,turtle,1,3,2,1
42,turtle,2,3,0,1
42,turtle,3,3,2,1
42,turtle,4,3,1,0
42,rabbit,5,3,3,1
42,turtle,0,4,1,1
42,turtle,1,4,2,2
42,turtle,2,4,1,1
42,turtle,3,4,1,1
42,turtle,4,4,0,0
42,rabbit,5,4,3,3
42,turtle,0,5,2,1
42,turtle,1,5,3,2
42,turtle,2,5,1,0
42,turtle,3,5,1,0
42,turtle,4,5,1,0
42,rabbit,5,5,1,3
42,turtle,0,6,3,1
42,turtle,1,6,3,1
42,turtle,2,6,0,0
42,turtle,3,6,1,1
42,turtle,4,6,2,0
43,turtle,0,1,2,1
43,turtle,1,1,0,1
43,turtle,2,1,0,1
43,turtle,3,1,0,1
43,turtle,4,1,1,0
43,rabbit,5,1,3,1
43,turtle,0,2,2,2
43,turtle,1,2,0,2
43,turtle,2,2,1,1
43,turtle,3,2,0,0
43,turtle,4,2,0,0
43,rabbit,5,2,1,1
43,turtle,0,3,2,1
43,turtle,1,3,0,1
43,turtle,2,3,1,0
43,turtle,3,3,0,1
43,turtle,4,3,0,1
43,rabbit,5,3,3,1
43,turtle,0,4,1,1
43,turtle,1,4,1,1
43,turtle,2,4,1,1
43,turtle,3,4,0,0
43,turtle,4,4,0,2
43,rabbit,5,4,1,1
43,turtle,0,5,1,0
43,turtle,1,5,1,0
43,turtle,2,5,2,1
43,turtle,3,5,1,0
43,turtle,4,5,0,1
43,rabbit,5,5,3,1
43,turtle,0,6,2,0
43,turtle,1,6,2,0
43,turtle,2,6,1,1
43,turtle,3,6,1,1
43,turtle,4,6,0,0
43,rabbit,5,6,1,1
43,turtle,0,7,1,0
43,turtle,1,7,1,0
43,turtle,2,7,2,1
43,turtle,3,7,2,1
43,turtle,4,7,0,1
43,rabbit,5,7,3,1
43,turtle,0,8,1,1
43,turtle,1,8,2,0
43,turtle,2,8,2,2
43,turtle,3,8,1,1
43,turtle,4,8,1,1
43,rabbit,5,8,3,3
43,turtle,0,9,0,1
43,turtle,1,9,1,0
43,turtle,2,9,2,1
43,turtle,3,9,1,0
43,turtle,4,9,1,0
43,rabbit,5,9,3,1
43,turtle,0,10,0,0
43,turtle,1,10,2,0
43,turtle,2,10,1,1
43,turtle,3,10,2,0
43,turtle,4,10,0,0
43,rabbit,5,10,1,1
43,turtle,0,11,0,1
43,turtle,1,11,1,0
43,turtle,2,11,2,1
43,turtle,3,11,1,0
43,turtle,4,11,0,1
43,rabbit,5,11,3,1
43,turtle,0,12,1,1
43,turtle,1,12,1,1
43,turtle,2,12,1,1
43,turtle,3,12,0,0
43,turtle,4,12,0,0
43,rabbit,5,12,3,3
43,turtle,0,13,2,1
43,turtle,1,13,1,0
43,turtle,2,13,2,1
43,turtle,3,13,1,0
43,turtle,4,13,0,1
43,rabbit,5,13,3,1
43,turtle,0,14,1,1
43,turtle,1,14,1,1
43,turtle,2,14,1,1
43,turtle,3,14,0,0
43,turtle,4,14,0,0
43,rabbit,5,14,3,3
43,turtle,0,15,2,1
43,turtle,1,15,2,1
43,turtle,2,15,0,1
43,turtle,3,15,0,1
43,turtle,4,15,1,0
43,rabbit,5,15,3,1
43,turtle,0,16,2,2
43,turtle,1,16,1,1
43,turtle,2,16,1,1
43,turtle,3,16,0,0
43,turtle,4,16,1,1
43,rabbit,5,16,1,1
43,turtle,0,17,3,2
43,turtle,1,17,0,1
43,turtle,2,17,0,1
43,turtle,3,17,0,1
43,turtle,4,17,2,1
43,rabbit,5,17,3,1
43,turtle,0,18,3,1
43,turtle,1,18,1,1
43,turtle,2,18,0,2
43,turtle,3,18,0,2
43,turtle,4,18,3,1
43,rabbit,5,18,3,3
43,turtle,0,19,3,2
43,turtle,1,19,0,1
43,turtle,2,19,0,1
43,turtle,3,19,0,1
43,turtle,4,19,2,1
43,rabbit,5,19,3,1
43,turtle,0,20,3,3
43,turtle,1,20,1,1
43,turtle,2,20,0,0
43,turtle,3,20,1,1
43,turtle,4,20,2,2
43,rabbit,5,20,1,1
43,turtle,0,21,3,2
43,turtle,1,21,1,0
43,turtle,2,21,0,1
43,turtle,3,21,2,1
43,turtle,4,21,1,2
43,rabbit,5,21,3,1
43,turtle,0,22,3,1
43,turtle,1,22,1,1
43,turtle,2,22,1,1
43,turtle,3,22,2,2
43,turtle,4,22,1,3
43,rabbit,5,22,1,1
43,turtle,0,23,3,2
43,turtle,1,23,1,0
43,turtle,2,23,0,1
43,turtle,3,23,3,2
44,turtle,0,1,2,1
44,turtle,1,1,0,1
44,turtle,2,1,1,0
44,turtle,3,1,1,0
44,turtle,4,1,0,1
44,rabbit,5,1,3,1
44,turtle,0,2,3,1
44,turtle,1,2,0,2
44,turtle,2,2,0,0
44,turtle,3,2,2,0
44,turtle,4,2,0,0
44,rabbit,5,2,3,3
44,turtle,0,3,3,2
44,turtle,1,3,0,1
44,turtle,2,3,1,0
44,turtle,3,3,1,0
44,turtle,4,3,0,1
44,rabbit,5,3,1,3
44,turtle,0,4,3,3
44,turtle,1,4,1,1
44,turtle,2,4,2,0
44,turtle,3,4,2,0
44,turtle,4,4,0,2
45,turtle,0,1,1,0
45,turtle,1,1,2,1
45,turtle,2,1,2,1
45,turtle,3,1,1,0
45,turtle,4,1,2,1
45,rabbit,5,1,3,1
45,turtle,0,2,0,0
45,turtle,1,2,2,2
45,turtle,2,2,1,1
45,turtle,3,2,2,0
45,turtle,4,2,2,2
45,rabbit,5,2,1,1
45,turtle,0,3,0,1
45,turtle,1,3,3,2
45,turtle,2,3,2,1
45,turtle,3,3,1,0
45,turtle,4,3,1,2
45,rabbit,5,3,3,1
45,turtle,0,4,0,2
45,turtle,1,4,2,2
45,turtle,2,4,3,1
45,turtle,3,4,2,0
45,turtle,4,4,1,3
45,rabbit,5,4,1,1
45,turtle,0,5,0,1
45,turtle,1,5,2,3
45,turtle,2,5,2,1
45,turtle,3,5,1,0
46,turtle,0,1,2,1
46,turtle,1,1,1,0
46,turtle,2,1,1,0
46,turtle,3,1,2,1
46,turtle,4,1,2,1
46,rabbit,5,1,3,1
46,turtle,0,2,2,2
46,turtle,1,2,0,0
46,turtle,2,2,0,0
46,turtle,3,2,2,2
46,turtle,4,2,3,1
46,rabbit,5,2,1,1
46,turtle,0,3,1,2
46,turtle,1,3,0,1
46,turtle,2,3,0,1
46,turtle,3,3,3,2
46,turtle,4,3,2,1
46,rabbit,5,3,3,1
46,turtle,0,4,2,2
46,turtle,1,4,0,0
46,turtle,2,4,1,1
46,turtle,3,4,3,1
46,turtle,4,4,1,1
46,rabbit,5,4,1,1
46,turtle,0,5,2,3
46,turtle,1,5,1,0
46,turtle,2,5,2,1
46,turtle,3,5,3,2
46,turtle,4,5,0,1
46,rabbit,5,5,3,1
46,turtle,0,6,3,3
46,turtle,1,6,0,0
46,turtle,2,6,1,1
46,turtle,3,6,3,3
46,turtle,4,6,0,2
46,rabbit,5,6,1,1
46,turtle,0,7,2,3
46,turtle,1,7,0,1
46,turtle,2,7,0,1
46,turtle,3,7,3,2
46,turtle,4,7,0,1
46,rabbit,5,7,3,1
46,turtle,0,8,1,3
46,turtle,1,8,0,0
46,turtle,2,8,0,2
46,turtle,3,8,3,1
46,turtle,4,8,0,0
46,rabbit,5,8,3,3
47,turtle,0,1,0,1
47,turtle,1,1,2,1
47,turtle,2,1,2,1
47,turtle,3,1,0,1
47,turtle,4,1,1,0
47,rabbit,5,1,3,1
47,turtle,0,2,0,0
47,turtle,1,2,1,1
47,turtle,2,2,1,1
47,turtle,3,2,0,2
47,turtle,4,2,1,1
47,rabbit,5,2,3,3
47,turtle,0,3,0,1
47,turtle,1,3,2,1
47,turtle,2,3,2,1
47,turtle,3,3,0,1
47,turtle,4,3,1,0
47,rabbit,5,3,1,3
47,turtle,0,4,0,0
47,turtle,1,4,3,1
47,turtle,2,4,2,2
47,turtle,3,4,1,1
47,turtle,4,4,1,1
48,turtle,0,1,1,0
48,turtle,1,1,0,1
48,turtle,2,1,0,1
48,turtle,3,1,2,1
48,turtle,4,1,1,0
48,rabbit,5,1,3,1
48,turtle,0,2,2,0
48,turtle,1,2,0,0
48,turtle,2,2,1,1
48,turtle,3,2,1,1
48,turtle,4,2,1,1
48,rabbit,5,2,3,3
48,turtle,0,3,1,0
48,turtle,1,3,0,1
48,turtle,2,3,1,0
48,turtle,3,3,1,0
48,turtle,4,3,0,1
48,rabbit,5,3,1,3
48,turtle,0,4,1,1
48,turtle,1,4,0,0
48,turtle,2,4,0,0
48,turtle,3,4,0,0
48,turtle,4,4,1,1
49,turtle,0,1,0,1
49,turtle,1,1,0,1
49,turtle,2,1,0,1
49,turtle,3,1,2,1
49,turtle,4,1,2,1
49,rabbit,5,1,3,1
49,turtle,0,2,1,1
49,turtle,1,2,0,2
49,turtle,2,2,0,0
49,turtle,3,2,1,1
49,turtle,4,2,1,1
49,rabbit,5,2,3,3
49,turtle,0,3,0,1
49,turtle,1,3,0,1
49,turtle,2,3,1,0
49,turtle,3,3,2,1
49,turtle,4,3,0,1
49,rabbit,5,3,3,1
49,turtle,0,4,0,0
49,turtle,1,4,0,0
49,turtle,2,4,0,0
49,turtle,3,4,3,1
49,turtle,4,4,0,2
49,rabbit,5,4,3,3
49,turtle,0,5,0,1
49,turtle,1,5,0,1
49,turtle,2,5,0,1
49,turtle,3,5,3,2
49,turtle,4,5,0,1
49,rabbit,5,5,3,1
49,turtle,0,6,1,1
49,turtle,1,6,1,1
49,turtle,2,6,0,0
49,turtle,3,6,2,2
49,turtle,4,6,0,0
49,rabbit,5,6,1,1
49,turtle,0,7,1,0
49,turtle,1,7,1,0
49,turtle,2,7,0,1
49,turtle,3,7,2,1
49,turtle,4,7,1,0
49,rabbit,5,7,3,1
49,turtle,0,8,2,0
49,turtle,1,8,2,0
49,turtle,2,8,0,2
49,turtle,3,8,3,1
49,turtle,4,8,2,0
49,rabbit,5,8,1,1
49,turtle,0,9,1,0
49,turtle,1,9,1,0
49,turtle,2,9,0,1
49,turtle,3,9,3,2
49,turtle,4,9,1,0
49,rabbit,5,9,3,1
49,turtle,0,10,2,0
49,turtle,1,10,2,0
49,turtle,2,10,1,1
49,turtle,3,10,3,3
49,turtle,4,10,2,0
49,rabbit,5,10,3,3
49,turtle,0,11,1,0
49,turtle,1,11,1,0
49,turtle,2,11,2,1
49,turtle,3,11,2,3
49,turtle,4,11,1,0
49,rabbit,5,11,3,1
49,turtle,0,12,1,1
49,turtle,1,12,0,0
49,turtle,2,12,2,2
49,turtle,3,12,3,3
49,turtle,4,12,2,0
49,rabbit,5,12,1,1
49,turtle,0,13,0,1
49,turtle,1,13,1,0
49,turtle,2,13,3,2
49,turtle,3,13,3,2
49,turtle,4,13,1,0
49,rabbit,5,13,3,1
49,turtle,0,14,0,0
49,turtle,1,14,2,0
49,turtle,2,14,2,2
49,turtle,3,14,2,2
49,turtle,4,14,2,0
49,rabbit,5,14,1,1
49,turtle,0,15,1,0
49,turtle,1,15,1,0
49,turtle,2,15,3,2
49,turtle,3,15,3,2
49,turtle,4,15,1,0
49,rabbit,5,15,3,1
49,turtle,0,16,1,1
49,turtle,1,16,2,0
49,turtle,2,16,2,2
49,turtle,3,16,2,2
49,turtle,4,16,2,0
49,rabbit,5,16,1,1
49,turtle,0,17,2,1
49,turtle,1,17,1,0
49,turtle,2,17,3,2
49,turtle,3,17,2,1
49,turtle,4,17,1,0
49,rabbit,5,17,3,1
49,turtle,0,18,3,1
49,turtle,1,18,2,0
49,turtle,2,18,3,3
49,turtle,3,18,3,1
49,turtle,4,18,2,0
49,rabbit,5,18,3,3
49,turtle,0,19,2,1
49,turtle,1,19,1,0
49,turtle,2,19,2,3
49,turtle,3,19,2,1
49,turtle,4,19,1,0
49,rabbit,5,19,3,1
49,turtle,0,20,1,1
49,turtle,1,20,1,1
49,turtle,2,20,1,3
49,turtle,3,20,2,2
49,turtle,4,20,1,1
49,rabbit,5,20,3,3
49,turtle,0,21,1,0
49,turtle,1,21,1,0
50,turtle,0,1,2,1
50,turtle,1,1,1,0
50,turtle,2,1,2,1
50,turtle,3,1,2,1
50,turtle,4,1,0,1
50,rabbit,5,1,3,1
50,turtle,0,2,3,1
50,turtle,1,2,2,0
50,turtle,2,2,2,2
50,turtle,3,2,3,1
50,turtle,4,2,0,0
50,rabbit,5,2,3,3
50,turtle,0,3,3,2
50,turtle,1,3,1,0
50,turtle,2,3,2,1
50,turtle,3,3,2,1
50,turtle,4,3,1,0
50,rabbit,5,3,1,3
50,turtle,0,4,2,2
50,turtle,1,4,1,1
50,turtle,2,4,2,2
50,turtle,3,4,1,1
50,turtle,4,4,0,0
51,turtle,0,1,0,1
51,turtle,1,1,2,1
51,turtle,2,1,2,1
51,turtle,3,1,1,0
51,turtle,4,1,2,1
51,rabbit,5,1,3,1
51,turtle,0,2,0,0
51,turtle,1,2,3,1
51,turtle,2,2,1,1
51,turtle,3,2,1,1
51,turtle,4,2,3,1
51,rabbit,5,2,1,1
51,turtle,0,3,0,1
51,turtle,1,3,3,2
51,turtle,2,3,1,0
51,turtle,3,3,0,1
51,turtle,4,3,3,2
51,rabbit,5,3,3,1
51,turtle,0,4,1,1
51,turtle,1,4,3,1
51,turtle,2,4,1,1
51,turtle,3,4,0,0
51,turtle,4,4,2,2
51,rabbit,5,4,1,1
51,turtle,0,5,0,1
51,turtle,1,5,3,2
51,turtle,2,5,0,1
51,turtle,3,5,1,0
51,turtle,4,5,1,2
51,rabbit,5,5,3,1
51,turtle,0,6,1,1
51,turtle,1,6,3,3
51,turtle,2,6,1,1
51,turtle,3,6,1,1
51,turtle,4,6,2,2
51,rabbit,5,6,3,3
51,turtle,0,7,0,1
51,turtle,1,7,3,2
51,turtle,2,7,2,1
51,turtle,3,7,1,0
51,turtle,4,7,1,2
51,rabbit,5,7,1,3
51,turtle,0,8,0,0
51,turtle,1,8,3,3
51,turtle,2,8,1,1
51,turtle,3,8,1,1
51,turtle,4,8,1,3
52,turtle,0,1,0,1
52,turtle,1,1,2,1
52,turtle,2,1,0,1
52,turtle,3,1,0,1
52,turtle,4,1,0,1
52,rabbit,5,1,3,1
52,turtle,0,2,1,1
52,turtle,1,2,2,2
52,turtle,2,2,0,0
52,turtle,3,2,0,0
52,turtle,4,2,1,1
52,rabbit,5,2,1,1
52,turtle,0,3,1,0
52,turtle,1,3,1,2
52,turtle,2,3,0,1
52,turtle,3,3,0,1
52,turtle,4,3,1,0
52,rabbit,5,3,3,1
52,turtle,0,4,1,1
52,turtle,1,4,1,3
52,turtle,2,4,0,2
52,turtle,3,4,0,0
52,turtle,4,4,2,0
52,rabbit,5,4,1,1
52,turtle,0,5,0,1
53,turtle,0,1,1,0
53,turtle,1,1,2,1
53,turtle,2,1,1,0
53,turtle,3,1,1,0
53,turtle,4,1,0,1
53,rabbit,5,1,3,1
53,turtle,0,2,1,1
53,turtle,1,2,1,1
53,turtle,2,2,0,0
53,turtle,3,2,1,1
53,turtle,4,2,0,0
53,rabbit,5,2,3,3
53,turtle,0,3,1,0
53,turtle,1,3,2,1
53,turtle,2,3,1,0
53,turtle,3,3,2,1
53,turtle,4,3,1,0
53,rabbit,5,3,1,3
53,turtle,0,4,1,1
53,turtle,1,4,3,1
53,turtle,2,4,2,0
53,turtle,3,4,3,1
53,turtle,4,4,0,0
54,turtle,0,1,0,1
54,turtle,1,1,0,1
54,turtle,2,1,1,0
54,turtle,3,1,1,0
54,turtle,4,1,1,0
54,rabbit,5,1,3,1
54,turtle,0,2,0,2
54,turtle,1,2,0,0
54,turtle,2,2,0,0
54,turtle,3,2,2,0
54,turtle,4,2,0,0
54,rabbit,5,2,1,1
54,turtle,0,3,0,1
54,turtle,1,3,1,0
54,turtle,2,3,1,0
54,turtle,3,3,1,0
54,turtle,4,3,1,0
54,rabbit,5,3,3,1
54,turtle,0,4,0,0
54,turtle,1,4,0,0
54,turtle,2,4,0,0
54,turtle,3,4,1,1
54,turtle,4,4,1,1
54,rabbit,5,4,3,3
54,turtle,0,5,0,1
54,turtle,1,5,1,0
54,turtle,2,5,1,0
54,turtle,3,5,0,1
54,turtle,4,5,0,1
54,rabbit,5,5,1,3
54,turtle,0,6,0,0
54,turtle,1,6,1,1
54,turtle,2,6,0,0
54,turtle,3,6,1,1
54,turtle,4,6,0,0
55,turtle,0,1,1,0
55,turtle,1,1,2,1
55,turtle,2,1,2,1
55,turtle,3,1,0,1
55,turtle,4,1,1,0
55,rabbit,5,1,3,1
55,turtle,0,2,0,0
55,turtle,1,2,2,2
55,turtle,2,2,1,1
55,turtle,3,2,0,0
55,turtle,4,2,0,0
55,rabbit,5,2,1,1
55,turtle,0,3,0,1
55,turtle,1,3,2,3
55,turtle,2,3,0,1
55,turtle,3,3,0,1
55,turtle,4,3,1,0
55,rabbit,5,3,3,1
55,turtle,0,4,1,1
55,turtle,1,4,3,3
55,turtle,2,4,0,2
55,turtle,3,4,1,1
55,turtle,4,4,2,0
55,rabbit,5,4,1,1
55,turtle,0,5,0,1
55,turtle,1,5,3,2
55,turtle,2,5,0,1
55,turtle,3,5,1,0
55,turtle,4,5,1,0
55,rabbit,5,5,3,1
55,turtle,0,6,0,2
55,turtle,1,6,3,3
55,turtle,2,6,0,2
55,turtle,3,6,1,1
55,turtle,4,6,2,0
55,rabbit,5,6,1,1
55,turtle,0,7,0,1
55,turtle,1,7,2,3
55,turtle,2,7,0,1
55,turtle,3,7,0,1
55,turtle,4,7,1,0
55,rabbit,5,7,3,1
55,turtle,0,8,0,2
55,turtle,1,8,1,3
55,turtle,2,8,0,0
55,turtle,3,8,1,1
55,turtle,4,8,2,0
55,rabbit,5,8,3,3
55,turtle,0,9,0,1
56,turtle,0,1,2,1
56,turtle,1,1,0,1
56,turtle,2,1,1,0
56,turtle,3,1,1,0
56,turtle,4,1,2,1
56,rabbit,5,1,3,1
56,turtle,0,2,1,1
56,turtle,1,2,1,1
56,turtle,2,2,0,0
56,turtle,3,2,1,1
56,turtle,4,2,3,1
56,rabbit,5,2,1,1
56,turtle,0,3,0,1
56,turtle,1,3,1,0
56,turtle,2,3,1,0
56,turtle,3,3,2,1
56,turtle,4,3,3,2
56,rabbit,5,3,3,1
56,turtle,0,4,0,2
56,turtle,1,4,2,0
56,turtle,2,4,2,0
56,turtle,3,4,3,1
56,turtle,4,4,2,2
56,rabbit,5,4,1,1
56,turtle,0,5,0,1
56,turtle,1,5,1,0
56,turtle,2,5,1,0
56,turtle,3,5,3,2
56,turtle,4,5,2,3
56,rabbit,5,5,3,1
56,turtle,0,6,0,2
56,turtle,1,6,0,0
56,turtle,2,6,1,1
56,turtle,3,6,3,1
56,turtle,4,6,1,3
56,rabbit,5,6,3,3
56,turtle,0,7,0,1
56,turtle,1,7,1,0
56,turtle,2,7,1,0
56,turtle,3,7,2,1
57,turtle,0,1,2,1
57,turtle,1,1,0,1
57,turtle,2,1,1,0
57,turtle,3,1,1,0
57,turtle,4,1,1,0
57,rabbit,5,1,3,1
57,turtle,0,2,3,1
57,turtle,1,2,1,1
57,turtle,2,2,2,0
57,turtle,3,2,2,0
57,turtle,4,2,2,0
57,rabbit,5,2,1,1
57,turtle,0,3,2,1
57,turtle,1,3,1,0
57,turtle,2,3,1,0
57,turtle,3,3,1,0
57,turtle,4,3,1,0
57,rabbit,5,3,3,1
57,turtle,0,4,1,1
57,turtle,1,4,0,0
57,turtle,2,4,0,0
57,turtle,3,4,0,0
57,turtle,4,4,0,0
57,rabbit,5,4,1,1
57,turtle,0,5,2,1
57,turtle,1,5,1,0
57,turtle,2,5,1,0
57,turtle,3,5,0,1
57,turtle,4,5,0,1
57,rabbit,5,5,3,1
57,turtle,0,6,1,1
57,turtle,1,6,2,0
57,turtle,2,6,2,0
57,turtle,3,6,1,1
57,turtle,4,6,0,2
57,rabbit,5,6,3,3
57,turtle,0,7,0,1
57,turtle,1,7,1,0
57,turtle,2,7,1,0
57,turtle,3,7,0,1
57,turtle,4,7,0,1
57,rabbit,5,7,3,1
57,turtle,0,8,0,0
57,turtle,1,8,1,1
57,turtle,2,8,1,1
57,turtle,3,8,0,0
57,turtle,4,8,0,2
57,rabbit,5,8,1,1
57,turtle,0,9,0,1
57,turtle,1,9,0,1
57,turtle,2,9,0,1
57,turtle,3,9,1,0
57,turtle,4,9,0,1
57,rabbit,5,9,3,1
57,turtle,0,10,0,0
57,turtle,1,10,0,0
57,turtle,2,10,0,2
57,turtle,3,10,0,0
57,turtle,4,10,1,1
57,rabbit,5,10,1,1
57,turtle,0,11,1,0
57,turtle,1,11,1,0
57,turtle,2,11,0,1
57,turtle,3,11,1,0
57,turtle,4,11,1,0
57,rabbit,5,11,3,1
57,turtle,0,12,0,0
57,turtle,1,12,0,0
57,turtle,2,12,0,0
57,turtle,3,12,0,0
57,turtle,4,12,1,1
57,rabbit,5,12,3,3
57,turtle,0,13,0,1
57,turtle,1,13,0,1
57,turtle,2,13,1,0
57,turtle,3,13,1,0
57,turtle,4,13,0,1
57,rabbit,5,13,1,3
57,turtle,0,14,1,1
57,turtle,1,14,1,1
57,turtle,2,14,2,0
57,turtle,3,14,0,0
57,turtle,4,14,0,2
58,turtle,0,1,1,0
58,turtle,1,1,0,1
58,turtle,2,1,0,1
58,turtle,3,1,0,1
58,turtle,4,1,1,0
58,rabbit,5,1,3,1
58,turtle,0,2,0,0
58,turtle,1,2,1,1
58,turtle,2,2,0,0
58,turtle,3,2,0,0
58,turtle,4,2,2,0
58,rabbit,5,2,3,3
58,turtle,0,3,1,0
58,turtle,1,3,2,1
58,turtle,2,3,0,1
58,turtle,3,3,0,1
58,turtle,4,3,1,0
58,rabbit,5,3,3,1
58,turtle,0,4,1,1
58,turtle,1,4,2,2
58,turtle,2,4,1,1
58,turtle,3,4,1,1
58,turtle,4,4,2,0
58,rabbit,5,4,3,3
58,turtle,0,5,2,1
58,turtle,1,5,3,2
58,turtle,2,5,1,0
58,turtle,3,5,1,0
58,turtle,4,5,1,0
58,rabbit,5,5,3,1
58,turtle,0,6,2,2
58,turtle,1,6,3,3
58,turtle,2,6,1,1
58,turtle,3,6,0,0
58,turtle,4,6,1,1
58,rabbit,5,6,1,1
58,turtle,0,7,2,3
58,turtle,1,7,3,2
58,turtle,2,7,2,1
58,turtle,3,7,1,0
58,turtle,4,7,1,0
58,rabbit,5,7,3,1
58,turtle,0,8,2,2
58,turtle,1,8,2,2
58,turtle,2,8,2,2
58,turtle,3,8,2,0
58,turtle,4,8,2,0
58,rabbit,5,8,1,1
58,turtle,0,9,2,3
58,turtle,1,9,2,3
58,turtle,2,9,2,1
58,turtle,3,9,1,0
58,turtle,4,9,1,0
58,rabbit,5,9,3,1
58,turtle,0,10,1,3
58,turtle,1,10,3,3
58,turtle,2,10,1,1
58,turtle,3,10,1,1
58,turtle,4,10,1,1
58,rabbit,5,10,3,3
59,turtle,0,1,0,1
59,turtle,1,1,0,1
59,turtle,2,1,0,1
59,turtle,3,1,0,1
59,turtle,4,1,1,0
59,rabbit,5,1,3,1
59,turtle,0,2,0,0
59,turtle,1,2,1,1
59,turtle,2,2,0,0
59,turtle,3,2,1,1
59,turtle,4,2,1,1
59,rabbit,5,2,1,1
59,turtle,0,3,1,0
59,turtle,1,3,0,1
59,turtle,2,3,1,0
59,turtle,3,3,1,0
59,turtle,4,3,2,1
59,rabbit,5,3,3,1
59,turtle,0,4,1,1
59,turtle,1,4,0,2
59,turtle,2,4,0,0
59,turtle,3,4,2,0
59,turtle,4,4,1,1
59,rabbit,5,4,3,3
59,turtle,0,5,0,1
59,turtle,1,5,0,1
59,turtle,2,5,1,0
59,turtle,3,5,1,0
59,turtle,4,5,0,1
59,rabbit,5,5,3,1
59,turtle,0,6,0,0
59,turtle,1,6,1,1
59,turtle,2,6,1,1
59,turtle,3,6,1,1
59,turtle,4,6,0,0
59,rabbit,5,6,1,1
59,turtle,0,7,0,1
59,turtle,1,7,0,1
59,turtle,2,7,1,0
59,turtle,3,7,0,1
59,turtle,4,7,0,1
59,rabbit,5,7,3,1
59,turtle,0,8,0,0
59,turtle,1,8,1,1
59,turtle,2,8,0,0
59,turtle,3,8,0,2
59,turtle,4,8,1,1
59,rabbit,5,8,3,3
59,turtle,0,9,0,1
59,turtle,1,9,1,0
59,turtle,2,9,1,0
59,turtle,3,9,0,1
59,turtle,4,9,0,1
59,rabbit,5,9,1,3
59,turtle,0,10,0,0
59,turtle,1,10,2,0
59,turtle,2,10,1,1
59,turtle,3,10,0,0
59,turtle,4,10,1,1
60,turtle,0,1,2,1
60,turtle,1,1,2,1
60,turtle,2,1,0,1
60,turtle,3,1,1,0
60,turtle,4,1,0,1
60,rabbit,5,1,3,1
60,turtle,0,2,2,2
60,turtle,1,2,3,1
60,turtle,2,2,0,0
60,turtle,3,2,1,1
60,turtle,4,2,1,1
60,rabbit,5,2,1,1
60,turtle,0,3,3,2
60,turtle,1,3,2,1
60,turtle,2,3,1,0
60,turtle,3,3,0,1
60,turtle,4,3,1,0
60,rabbit,5,3,3,1
60,turtle,0,4,3,3
60,turtle,1,4,1,1
60,turtle,2,4,0,0
60,turtle,3,4,1,1
60,turtle,4,4,0,0
60,rabbit,5,4,1,1
60,turtle,0,5,3,2
60,turtle,1,5,2,1
60,turtle,2,5,0,1
60,turtle,3,5,2,1
60,turtle,4,5,0,1
60,rabbit,5,5,3,1
60,turtle,0,6,3,1
60,turtle,1,6,3,1
60,turtle,2,6,0,0
60,turtle,3,6,1,1
60,turtle,4,6,0,0
60,rabbit,5,6,3,3
60,turtle,0,7,2,1
60,turtle,1,7,3,2
60,turtle,2,7,0,1
60,turtle,3,7,2,1
60,turtle,4,7,1,0
60,rabbit,5,7,3,1
60,turtle,0,8,3,1
60,turtle,1,8,3,3
60,turtle,2,8,1,1
60,turtle,3,8,3,1
60,turtle,4,8,0,0
60,rabbit,5,8,1,1
60,turtle,0,9,2,1
60,turtle,1,9,3,2
60,turtle,2,9,2,1
60,turtle,3,9,2,1
60,turtle,4,9,0,1
60,rabbit,5,9,3,1
60,turtle,0,10,3,1
60,turtle,1,10,3,3
60,turtle,2,10,3,1
60,turtle,3,10,3,1
60,turtle,4,10,1,1
60,rabbit,5,10,3,3
60,turtle,0,11,2,1
60,turtle,1,11,3,2
60,turtle,2,11,3,2
60,turtle,3,11,3,2
60,turtle,4,11,1,0
60,rabbit,5,11,3,1
60,turtle,0,12,2,2
60,turtle,1,12,3,1
60,turtle,2,12,3,1
60,turtle,3,12,3,3
60,turtle,4,12,2,0
60,rabbit,5,12,1,1
60,turtle,0,13,3,2
60,turtle,1,13,3,2
60,turtle,2,13,2,1
60,turtle,3,13,3,2
60,turtle,4,13,1,0
60,rabbit,5,13,3,1
60,turtle,0,14,2,2
60,turtle,1,14,3,1
60,turtle,2,14,2,2
60,turtle,3,14,3,1
60,turtle,4,14,2,0
60,rabbit,5,14,3,3
60,turtle,0,15,1,2
60,turtle,1,15,2,1
60,turtle,2,15,1,2
60,turtle,3,15,3,2
60,turtle,4,15,1,0
60,rabbit,5,15,3,1
60,turtle,0,16,1,3
60,turtle,1,16,2,2
60,turtle,2,16,1,3
60,turtle,3,16,2,2
60,turtle,4,16,2,0
60,rabbit,5,16,1,1
61,turtle,0,1,0,1
61,turtle,1,1,0,1
61,turtle,2,1,1,0
61,turtle,3,1,2,1
61,turtle,4,1,0,1
61,rabbit,5,1,3,1
61,turtle,0,2,0,2
61,turtle,1,2,1,1
61,turtle,2,2,2,0
61,turtle,3,2,3,1
61,turtle,4,2,0,0
61,rabbit,5,2,1,1
61,turtle,0,3,0,1
61,turtle,1,3,1,0
61,turtle,2,3,1,0
61,turtle,3,3,2,1
61,turtle,4,3,1,0
61,rabbit,5,3,3,1
61,turtle,0,4,0,0
61,turtle,1,4,1,1
61,turtle,2,4,2,0
61,turtle,3,4,3,1
61,turtle,4,4,2,0
61,rabbit,5,4,1,1
61,turtle,0,5,1,0
61,turtle,1,5,1,0
61,turtle,2,5,1,0
61,turtle,3,5,3,2
61,turtle,4,5,1,0
61,rabbit,5,5,3,1
61,turtle,0,6,1,1
61,turtle,1,6,2,0
61,turtle,2,6,0,0
61,turtle,3,6,3,3
61,turtle,4,6,1,1
61,rabbit,5,6,3,3
61,turtle,0,7,0,1
61,turtle,1,7,1,0
61,turtle,2,7,1,0
61,turtle,3,7,2,3
61,turtle,4,7,1,0
61,rabbit,5,7,3,1
61,turtle,0,8,1,1
61,turtle,1,8,0,0
61,turtle,2,8,2,0
61,turtle,3,8,1,3
61,turtle,4,8,2,0
61,rabbit,5,8,3,3
61,turtle,0,9,2,1
61,turtle,1,9,0,1
61,turtle,2,9,1,0
62,turtle,0,1,1,0
62,turtle,1,1,1,0
62,turtle,2,1,0,1
62,turtle,3,1,0,1
62,turtle,4,1,1,0
62,rabbit,5,1,3,1
62,turtle,0,2,2,0
62,turtle,1,2,0,0
62,turtle,2,2,0,2
62,turtle,3,2,1,1
62,turtle,4,2,0,0
62,rabbit,5,2,3,3
62,turtle,0,3,1,0
62,turtle,1,3,1,0
62,turtle,2,3,0,1
62,turtle,3,3,1,0
62,turtle,4,3,0,1
62,rabbit,5,3,3,1
62,turtle,0,4,0,0
62,turtle,1,4,0,0
62,turtle,2,4,0,0
62,turtle,3,4,1,1
62,turtle,4,4,0,2
62,rabbit,5,4,3,3
62,turtle,0,5,0,1
62,turtle,1,5,1,0
62,turtle,2,5,0,1
62,turtle,3,5,0,1
62,turtle,4,5,0,1
62,rabbit,5,5,3,1
62,turtle,0,6,1,1
62,turtle,1,6,1,1
62,turtle,2,6,1,1
62,turtle,3,6,0,2
62,turtle,4,6,0,2
62,rabbit,5,6,3,3
62,turtle,0,7,1,0
62,turtle,1,7,0,1
62,turtle,2,7,2,1
62,turtle,3,7,0,1
62,turtle,4,7,0,1
62,rabbit,5,7,3,1
62,turtle,0,8,2,0
62,turtle,1,8,1,1
62,turtle,2,8,3,1
62,turtle,3,8,0,0
62,turtle,4,8,0,2
62,rabbit,5,8,3,3
62,turtle,0,9,1,0
62,turtle,1,9,0,1
62,turtle,2,9,3,2
62,turtle,3,9,0,1
62,turtle,4,9,0,1
62,rabbit,5,9,1,3
62,turtle,0,10,1,1
62,turtle,1,10,0,2
62,turtle,2,10,2,2
62,turtle,3,10,0,0
62,turtle,4,10,0,2
63,turtle,0,1,1,0
63,turtle,1,1,2,1
63,turtle,2,1,0,1
63,turtle,3,1,2,1
63,turtle,4,1,0,1
63,rabbit,5,1,3,1
63,turtle,0,2,1,1
63,turtle,1,2,3,1
63,turtle,2,2,1,1
63,turtle,3,2,3,1
63,turtle,4,2,1,1
63,rabbit,5,2,1,1
63,turtle,0,3,0,1
63,turtle,1,3,2,1
63,turtle,2,3,1,0
63,turtle,3,3,3,2
63,turtle,4,3,1,0
63,rabbit,5,3,3,1
63,turtle,0,4,0,2
63,turtle,1,4,3,1
63,turtle,2,4,0,0
63,turtle,3,4,2,2
63,turtle,4,4,2,0
63,rabbit,5,4,3,3
63,turtle,0,5,0,1
63,turtle,1,5,2,1
63,turtle,2,5,0,1
63,turtle,3,5,3,2
63,turtle,4,5,1,0
63,rabbit,5,5,3,1
63,turtle,0,6,0,0
63,turtle,1,6,3,1
63,turtle,2,6,0,0
63,turtle,3,6,3,1
63,turtle,4,6,0,0
63,rabbit,5,6,3,3
63,turtle,0,7,0,1
63,turtle,1,7,2,1
63,turtle,2,7,0,1
63,turtle,3,7,3,2
63,turtle,4,7,1,0
63,rabbit,5,7,3,1
63,turtle,0,8,0,0
63,turtle,1,8,1,1
63,turtle,2,8,0,2
63,turtle,3,8,2,2
63,turtle,4,8,2,0
63,rabbit,5,8,1,1
63,turtle,0,9,0,1
63,turtle,1,9,2,1
63,turtle,2,9,0,1
63,turtle,3,9,1,2
63,turtle,4,9,1,0
63,rabbit,5,9,3,1
63,turtle,0,10,0,0
63,turtle,1,10,2,2
63,turtle,2,10,1,1
63,turtle,3,10,1,3
63,turtle,4,10,1,1
63,rabbit,5,10,1,1
63,turtle,0,11,1,0
63,turtle,1,11,3,2
63,turtle,2,11,1,0
64,turtle,0,1,2,1
64,turtle,1,1,0,1
64,turtle,2,1,0,1
64,turtle,3,1,1,0
64,turtle,4,1,0,1
64,rabbit,5,1,3,1
64,turtle,0,2,3,1
64,turtle,1,2,0,2
64,turtle,2,2,1,1
64,turtle,3,2,0,0
64,turtle,4,2,0,2
64,rabbit,5,2,3,3
64,turtle,0,3,2,1
64,turtle,1,3,0,1
64,turtle,2,3,1,0
64,turtle,3,3,1,0
64,turtle,4,3,0,1
64,rabbit,5,3,3,1
64,turtle,0,4,1,1
64,turtle,1,4,0,2
64,turtle,2,4,0,0
64,turtle,3,4,0,0
64,turtle,4,4,1,1
64,rabbit,5,4,3,3
64,turtle,0,5,2,1
64,turtle,1,5,0,1
64,turtle,2,5,1,0
64,turtle,3,5,0,1
64,turtle,4,5,1,0
64,rabbit,5,5,1,3
64,turtle,0,6,2,2
64,turtle,1,6,0,0
64,turtle,2,6,0,0
64,turtle,3,6,0,2
64,turtle,4,6,0,0
65,turtle,0,1,0,1
65,turtle,1,1,2,1
65,turtle,2,1,0,1
65,turtle,3,1,2,1
65,turtle,4,1,1,0
65,rabbit,5,1,3,1
65,turtle,0,2,0,2
65,turtle,1,2,3,1
65,turtle,2,2,0,0
65,turtle,3,2,2,2
65,turtle,4,2,1,1
65,rabbit,5,2,1,1
65,turtle,0,3,0,1
65,turtle,1,3,3,2
65,turtle,2,3,0,1
65,turtle,3,3,1,2
65,turtle,4,3,2,1
65,rabbit,5,3,3,1
65,turtle,0,4,0,0
65,turtle,1,4,3,1
65,turtle,2,4,1,1
65,turtle,3,4,2,2
65,turtle,4,4,3,1
65,rabbit,5,4,1,1
65,turtle,0,5,0,1
65,turtle,1,5,3,2
65,turtle,2,5,2,1
65,turtle,3,5,2,1
65,turtle,4,5,3,2
65,rabbit,5,5,3,1
65,turtle,0,6,1,1
65,turtle,1,6,3,3
65,turtle,2,6,1,1
65,turtle,3,6,3,1
65,turtle,4,6,3,3
65,rabbit,5,6,3,3
65,turtle,0,7,2,1
65,turtle,1,7,3,2
65,turtle,2,7,1,0
65,turtle,3,7,2,1
65,turtle,4,7,3,2
65,rabbit,5,7,1,3
65,turtle,0,8,3,1
65,turtle,1,8,3,1
65,turtle,2,8,0,0
65,turtle,3,8,1,1
65,turtle,4,8,2,2
66,turtle,0,1,1,0
66,turtle,1,1,1,0
66,turtle,2,1,1,0
66,turtle,3,1,2,1
66,turtle,4,1,1,0
66,rabbit,5,1,3,1
66,turtle,0,2,1,1
66,turtle,1,2,1,1
66,turtle,2,2,0,0
66,turtle,3,2,2,2
66,turtle,4,2,0,0
66,rabbit,5,2,3,3
66,turtle,0,3,0,1
66,turtle,1,3,0,1
66,turtle,2,3,0,1
66,turtle,3,3,2,3
66,turtle,4,3,0,1
66,rabbit,5,3,1,3
66,turtle,0,4,0,2
66,turtle,1,4,0,0
66,turtle,2,4,0,0
66,turtle,3,4,2,2
66,turtle,4,4,1,1
67,turtle,0,1,0,1
67,turtle,1,1,1,0
67,turtle,2,1,0,1
67,turtle,3,1,1,0
67,turtle,4,1,1,0
67,rabbit,5,1,3,1
67,turtle,0,2,0,0
67,turtle,1,2,0,0
67,turtle,2,2,0,0
67,turtle,3,2,0,0
67,turtle,4,2,0,0
67,rabbit,5,2,3,3
67,turtle,0,3,0,1
67,turtle,1,3,0,1
67,turtle,2,3,1,0
67,turtle,3,3,1,0
67,turtle,4,3,0,1
67,rabbit,5,3,1,3
67,turtle,0,4,1,1
67,turtle,1,4,0,0
67,turtle,2,4,1,1
67,turtle,3,4,1,1
67,turtle,4,4,1,1
68,turtle,0,1,2,1
68,turtle,1,1,0,1
68,turtle,2,1,1,0
68,turtle,3,1,2,1
68,turtle,4,1,1,0
68,rabbit,5,1,3,1
68,turtle,0,2,2,2
68,turtle,1,2,0,0
68,turtle,2,2,1,1
68,turtle,3,2,1,1
68,turtle,4,2,0,0
68,rabbit,5,2,1,1
68,turtle,0,3,2,1
68,turtle,1,3,0,1
68,turtle,2,3,1,0
68,turtle,3,3,1,0
68,turtle,4,3,1,0
68,rabbit,5,3,3,1
68,turtle,0,4,2,2
68,turtle,1,4,0,0
68,turtle,2,4,0,0
68,turtle,3,4,1,1
68,turtle,4,4,1,1
68,rabbit,5,4,3,3
68,turtle,0,5,2,1
68,turtle,1,5,1,0
68,turtle,2,5,0,1
68,turtle,3,5,1,0
68,turtle,4,5,0,1
68,rabbit,5,5,3,1
68,turtle,0,6,3,1
68,turtle,1,6,1,1
68,turtle,2,6,0,2
68,turtle,3,6,1,1
68,turtle,4,6,0,2
68,rabbit,5,6,1,1
68,turtle,0,7,3,2
68,turtle,1,7,2,1
68,turtle,2,7,0,1
68,turtle,3,7,2,1
68,turtle,4,7,0,1
68,rabbit,5,7,3,1
68,turtle,0,8,2,2
68,turtle,1,8,1,1
68,turtle,2,8,0,0
68,turtle,3,8,3,1
68,turtle,4,8,1,1
68,rabbit,5,8,3,3
68,turtle,0,9,2,3
68,turtle,1,9,0,1
68,turtle,2,9,0,1
68,turtle,3,9,2,1
68,turtle,4,9,1,0
68,rabbit,5,9,3,1
68,turtle,0,10,2,2
68,turtle,1,10,0,0
68,turtle,2,10,1,1
68,turtle,3,10,2,2
68,turtle,4,10,2,0
68,rabbit,5,10,1,1
68,turtle,0,11,2,1
68,turtle,1,11,0,1
68,turtle,2,11,0,1
68,turtle,3,11,2,3
68,turtle,4,11,1,0
68,rabbit,5,11,3,1
68,turtle,0,12,3,1
68,turtle,1,12,0,0
68,turtle,2,12,0,0
68,turtle,3,12,2,2
68,turtle,4,12,2,0
68,rabbit,5,12,1,1
68,turtle,0,13,3,2
68,turtle,1,13,1,0
68,turtle,2,13,0,1
68,turtle,3,13,1,2
68,turtle,4,13,1,0
68,rabbit,5,13,3,1
68,turtle,0,14,3,1
68,turtle,1,14,1,1
68,turtle,2,14,1,1
68,turtle,3,14,1,3
68,turtle,4,14,0,0
68,rabbit,5,14,1,1
68,turtle,0,15,3,2
68,turtle,1,15,2,1
68,turtle,2,15,0,1
69,turtle,0,1,2,1
69,turtle,1,1,0,1
69,turtle,2,1,2,1
69,turtle,3,1,1,0
69,turtle,4,1,0,1
69,rabbit,5,1,3,1
69,turtle,0,2,2,2
69,turtle,1,2,0,0
69,turtle,2,2,1,1
69,turtle,3,2,1,1
69,turtle,4,2,1,1
69,rabbit,5,2,3,3
69,turtle,0,3,1,2
69,turtle,1,3,1,0
69,turtle,2,3,0,1
69,turtle,3,3,0,1
69,turtle,4,3,0,1
69,rabbit,5,3,1,3
69,turtle,0,4,2,2
69,turtle,1,4,1,1
69,turtle,2,4,1,1
69,turtle,3,4,0,0
69,turtle,4,4,0,0
70,turtle,0,1,2,1
70,turtle,1,1,0,1
70,turtle,2,1,0,1
70,turtle,3,1,2,1
70,turtle,4,1,2,1
70,rabbit,5,1,3,1
70,turtle,0,2,1,1
70,turtle,1,2,0,0
70,turtle,2,2,0,2
70,turtle,3,2,3,1
70,turtle,4,2,1,1
70,rabbit,5,2,1,1
70,turtle,0,3,0,1
70,turtle,1,3,1,0
70,turtle,2,3,0,1
70,turtle,3,3,3,2
70,turtle,4,3,0,1
70,rabbit,5,3,3,1
70,turtle,0,4,1,1
70,turtle,1,4,1,1
70,turtle,2,4,0,2
70,turtle,3,4,3,3
70,turtle,4,4,1,1
70,rabbit,5,4,3,3
70,turtle,0,5,2,1
70,turtle,1,5,1,0
70,turtle,2,5,0,1
70,turtle,3,5,2,3
70,turtle,4,5,1,0
70,rabbit,5,5,3,1
70,turtle,0,6,3,1
70,turtle,1,6,2,0
70,turtle,2,6,0,0
70,turtle,3,6,2,2
70,turtle,4,6,1,1
70,rabbit,5,6,3,3
70,turtle,0,7,2,1
70,turtle,1,7,1,0
70,turtle,2,7,0,1
70,turtle,3,7,3,2
70,turtle,4,7,2,1
70,rabbit,5,7,3,1
70,turtle,0,8,2,2
70,turtle,1,8,0,0
70,turtle,2,8,1,1
70,turtle,3,8,3,3
70,turtle,4,8,1,1
70,rabbit,5,8,1,1
70,turtle,0,9,2,1
70,turtle,1,9,0,1
70,turtle,2,9,2,1
70,turtle,3,9,3,2
70,turtle,4,9,0,1
70,rabbit,5,9,3,1
70,turtle,0,10,2,2
70,turtle,1,10,0,2
70,turtle,2,10,1,1
70,turtle,3,10,2,2
70,turtle,4,10,0,2
70,rabbit,5,10,3,3
70,turtle,0,11,3,2
70,turtle,1,11,0,1
70,turtle,2,11,1,0
70,turtle,3,11,2,3
70,turtle,4,11,0,1
70,rabbit,5,11,3,1
70,turtle,0,12,3,3
70,turtle,1,12,1,1
70,turtle,2,12,2,0
70,turtle,3,12,2,2
70,turtle,4,12,0,0
70,rabbit,5,12,1,1
70,turtle,0,13,3,2
70,turtle,1,13,2,1
70,turtle,2,13,1,0
70,turtle,3,13,2,3
70,turtle,4,13,0,1
70,rabbit,5,13,3,1
70,turtle,0,14,2,2
70,turtle,1,14,3,1
70,turtle,2,14,1,1
70,turtle,3,14,2,2
70,turtle,4,14,1,1
70,rabbit,5,14,1,1
70,turtle,0,15,2,3
70,turtle,1,15,3,2
70,turtle,2,15,2,1
70,turtle,3,15,3,2
70,turtle,4,15,2,1
70,rabbit,5,15,3,1
70,turtle,0,16,1,3
70,turtle,1,16,3,1
70,turtle,2,16,1,1
70,turtle,3,16,3,1
70,turtle,4,16,3,1
70,rabbit,5,16,3,3
71,turtle,0,1,0,1
71,turtle,1,1,0,1
71,turtle,2,1,0,1
71,turtle,3,1,1,0
71,turtle,4,1,0,1
71,rabbit,5,1,3,1
71,turtle,0,2,1,1
71,turtle,1,2,0,0
71,turtle,2,2,1,1
71,turtle,3,2,0,0
71,turtle,4,2,0,0
71,rabbit,5,2,3,3
71,turtle,0,3,2,1
71,turtle,1,3,0,1
71,turtle,2,3,2,1
71,turtle,3,3,1,0
71,turtle,4,3,1,0
71,rabbit,5,3,1,3
71,turtle,0,4,2,2
71,turtle,1,4,0,0
71,turtle,2,4,3,1
71,turtle,3,4,1,1
71,turtle,4,4,0,0
72,turtle,0,1,0,1
72,turtle,1,1,0,1
72,turtle,2,1,2,1
72,turtle,3,1,0,1
72,turtle,4,1,1,0
72,rabbit,5,1,3,1
72,turtle,0,2,1,1
72,turtle,1,2,0,0
72,turtle,2,2,3,1
72,turtle,3,2,0,2
72,turtle,4,2,0,0
72,rabbit,5,2,3,3
72,turtle,0,3,0,1
72,turtle,1,3,0,1
72,turtle,2,3,3,2
72,turtle,3,3,0,1
72,turtle,4,3,0,1
72,rabbit,5,3,3,1
72,turtle,0,4,0,0
72,turtle,1,4,0,0
72,turtle,2,4,3,3
72,turtle,3,4,0,2
72,turtle,4,4,0,0
72,rabbit,5,4,3,3
72,turtle,0,5,1,0
72,turtle,1,5,0,1
72,turtle,2,5,3,2
72,turtle,3,5,0,1
72,turtle,4,5,0,1
72,rabbit,5,5,1,3
72,turtle,0,6,1,1
72,turtle,1,6,1,1
72,turtle,2,6,2,2
72,turtle,3,6,1,1
72,turtle,4,6,1,1
73,turtle,0,1,2,1
73,turtle,1,1,2,1
73,turtle,2,1,2,1
73,turtle,3,1,1,0
73,turtle,4,1,2,1
73,rabbit,5,1,3,1
73,turtle,0,2,3,1
73,turtle,1,2,2,2
73,turtle,2,2,3,1
73,turtle,3,2,0,0
73,turtle,4,2,3,1
73,rabbit,5,2,3,3
73,turtle,0,3,3,2
73,turtle,1,3,2,1
73,turtle,2,3,2,1
73,turtle,3,3,0,1
73,turtle,4,3,3,2
73,rabbit,5,3,3,1
73,turtle,0,4,3,1
73,turtle,1,4,3,1
73,turtle,2,4,2,2
73,turtle,3,4,0,0
73,turtle,4,4,3,3
73,rabbit,5,4,1,1
73,turtle,0,5,3,2
73,turtle,1,5,2,1
73,turtle,2,5,2,3
73,turtle,3,5,1,0
73,turtle,4,5,3,2
73,rabbit,5,5,3,1
73,turtle,0,6,3,3
73,turtle,1,6,2,2
73,turtle,2,6,3,3
73,turtle,3,6,0,0
73,turtle,4,6,2,2
73,rabbit,5,6,1,1
73,turtle,0,7,3,2
73,turtle,1,7,2,1
73,turtle,2,7,2,3
73,turtle,3,7,0,1
73,turtle,4,7,2,3
73,rabbit,5,7,3,1
73,turtle,0,8,3,3
73,turtle,1,8,2,2
73,turtle,2,8,3,3
73,turtle,3,8,1,1
73,turtle,4,8,3,3
73,rabbit,5,8,3,3
73,turtle,0,9,2,3
73,turtle,1,9,3,2
73,turtle,2,9,3,2
73,turtle,3,9,1,0
73,turtle,4,9,2,3
73,rabbit,5,9,1,3
73,turtle,0,10,2,2
73,turtle,1,10,3,1
73,turtle,2,10,3,1
73,turtle,3,10,2,0
73,turtle,4,10,1,3
74,turtle,0,1,2,1
74,turtle,1,1,1,0
74,turtle,2,1,2,1
74,turtle,3,1,1,0
74,turtle,4,1,0,1
74,rabbit,5,1,3,1
74,turtle,0,2,3,1
74,turtle,1,2,2,0
74,turtle,2,2,1,1
74,turtle,3,2,2,0
74,turtle,4,2,0,0
74,rabbit,5,2,1,1
74,turtle,0,3,2,1
74,turtle,1,3,1,0
74,turtle,2,3,2,1
74,turtle,3,3,1,0
74,turtle,4,3,1,0
74,rabbit,5,3,3,1
74,turtle,0,4,2,2
74,turtle,1,4,2,0
74,turtle,2,4,2,2
74,turtle,3,4,2,0
74,turtle,4,4,2,0
74,rabbit,5,4,1,1
74,turtle,0,5,2,1
74,turtle,1,5,1,0
74,turtle,2,5,2,1
74,turtle,3,5,1,0
74,turtle,4,5,1,0
74,rabbit,5,5,3,1
74,turtle,0,6,1,1
74,turtle,1,6,0,0
74,turtle,2,6,1,1
74,turtle,3,6,2,0
74,turtle,4,6,0,0
74,rabbit,5,6,3,3
74,turtle,0,7,0,1
74,turtle,1,7,0,1
74,turtle,2,7,0,1
74,turtle,3,7,1,0
74,turtle,4,7,1,0
74,rabbit,5,7,3,1
74,turtle,0,8,1,1
74,turtle,1,8,0,2
74,turtle,2,8,0,0
74,turtle,3,8,0,0
74,turtle,4,8,2,0
74,rabbit,5,8,1,1
74,turtle,0,9,0,1
74,turtle,1,9,0,1
74,turtle,2,9,0,1
74,turtle,3,9,0,1
74,turtle,4,9,1,0
74,rabbit,5,9,3,1
74,turtle,0,10,0,0
74,turtle,1,10,0,2
74,turtle,2,10,0,0
74,turtle,3,10,0,0
74,turtle,4,10,2,0
74,rabbit,5,10,3,3
74,turtle,0,11,0,1
74,turtle,1,11,0,1
74,turtle,2,11,0,1
74,turtle,3,11,0,1
74,turtle,4,11,1,0
74,rabbit,5,11,1,3
74,turtle,0,12,0,2
74,turtle,1,12,0,2
74,turtle,2,12,0,2
74,turtle,3,12,1,1
74,turtle,4,12,2,0
75,turtle,0,1,0,1
75,turtle,1,1,2,1
75,turtle,2,1,0,1
75,turtle,3,1,1,0
75,turtle,4,1,1,0
75,rabbit,5,1,3,1
75,turtle,0,2,1,1
75,turtle,1,2,1,1
75,turtle,2,2,0,0
75,turtle,3,2,1,1
75,turtle,4,2,2,0
75,rabbit,5,2,3,3
75,turtle,0,3,2,1
75,turtle,1,3,1,0
75,turtle,2,3,1,0
75,turtle,3,3,0,1
75,turtle,4,3,1,0
75,rabbit,5,3,3,1
75,turtle,0,4,2,2
75,turtle,1,4,1,1
75,turtle,2,4,2,0
75,turtle,3,4,0,2
75,turtle,4,4,1,1
75,rabbit,5,4,3,3
75,turtle,0,5,2,3
75,turtle,1,5,2,1
75,turtle,2,5,1,0
75,turtle,3,5,0,1
75,turtle,4,5,2,1
75,rabbit,5,5,1,3
75,turtle,0,6,3,3
75,turtle,1,6,1,1
75,turtle,2,6,2,0
75,turtle,3,6,1,1
75,turtle,4,6,3,1
76,turtle,0,1,1,0
76,turtle,1,1,1,0
76,turtle,2,1,0,1
76,turtle,3,1,1,0
76,turtle,4,1,0,1
76,rabbit,5,1,3,1
76,turtle,0,2,0,0
76,turtle,1,2,1,1
76,turtle,2,2,0,2
76,turtle,3,2,2,0
76,turtle,4,2,0,0
76,rabbit,5,2,3,3
76,turtle,0,3,1,0
76,turtle,1,3,2,1
76,turtle,2,3,0,1
76,turtle,3,3,1,0
76,turtle,4,3,1,0
76,rabbit,5,3,3,1
76,turtle,0,4,0,0
76,turtle,1,4,1,1
76,turtle,2,4,0,0
76,turtle,3,4,0,0
76,turtle,4,4,0,0
76,rabbit,5,4,3,3
76,turtle,0,5,1,0
76,turtle,1,5,2,1
76,turtle,2,5,0,1
76,turtle,3,5,1,0
76,turtle,4,5,1,0
76,rabbit,5,5,1,3
76,turtle,0,6,1,1
76,turtle,1,6,1,1
76,turtle,2,6,0,0
76,turtle,3,6,0,0
76,turtle,4,6,0,0
77,turtle,0,1,0,1
77,turtle,1,1,0,1
77,turtle,2,1,2,1
77,turtle,3,1,1,0
77,turtle,4,1,2,1
77,rabbit,5,1,3,1
77,turtle,0,2,1,1
77,turtle,1,2,0,0
77,turtle,2,2,1,1
77,turtle,3,2,2,0
77,turtle,4,2,3,1
77,rabbit,5,2,3,3
77,turtle,0,3,0,1
77,turtle,1,3,0,1
77,turtle,2,3,1,0
77,turtle,3,3,1,0
77,turtle,4,3,3,2
77,rabbit,5,3,3,1
77,turtle,0,4,0,0
77,turtle,1,4,1,1
77,turtle,2,4,2,0
77,turtle,3,4,0,0
77,turtle,4,4,2,2
77,rabbit,5,4,3,3
77,turtle,0,5,0,1
77,turtle,1,5,2,1
77,turtle,2,5,1,0
77,turtle,3,5,1,0
77,turtle,4,5,3,2
77,rabbit,5,5,1,3
77,turtle,0,6,0,2
77,turtle,1,6,3,1
77,turtle,2,6,1,1
77,turtle,3,6,2,0
77,turtle,4,6,3,3
78,turtle,0,1,2,1
78,turtle,1,1,2,1
78,turtle,2,1,1,0
78,turtle,3,1,2,1
78,turtle,4,1,1,0
78,rabbit,5,1,3,1
78,turtle,0,2,3,1
78,turtle,1,2,2,2
78,turtle,2,2,2,0
78,turtle,3,2,3,1
78,turtle,4,2,1,1
78,rabbit,5,2,3,3
78,turtle,0,3,3,2
78,turtle,1,3,2,1
78,turtle,2,3,1,0
78,turtle,3,3,2,1
78,turtle,4,3,0,1
78,rabbit,5,3,1,3
78,turtle,0,4,2,2
78,turtle,1,4,2,2
78,turtle,2,4,0,0
78,turtle,3,4,1,1
78,turtle,4,4,1,1
79,turtle,0,1,0,1
79,turtle,1,1,1,0
79,turtle,2,1,2,1
79,turtle,3,1,0,1
79,turtle,4,1,1,0
79,rabbit,5,1,3,1
79,turtle,0,2,1,1
79,turtle,1,2,1,1
79,turtle,2,2,1,1
79,turtle,3,2,1,1
79,turtle,4,2,1,1
79,rabbit,5,2,3,3
79,turtle,0,3,2,1
79,turtle,1,3,2,1
79,turtle,2,3,1,0
79,turtle,3,3,2,1
79,turtle,4,3,0,1
79,rabbit,5,3,3,1
79,turtle,0,4,2,2
79,turtle,1,4,1,1
79,turtle,2,4,1,1
79,turtle,3,4,2,2
79,turtle,4,4,1,1
79,rabbit,5,4,3,3
79,turtle,0,5,2,3
79,turtle,1,5,1,0
79,turtle,2,5,1,0
79,turtle,3,5,2,1
79,turtle,4,5,2,1
79,rabbit,5,5,3,1
79,turtle,0,6,3,3
79,turtle,1,6,1,1
79,turtle,2,6,2,0
79,turtle,3,6,3,1
79,turtle,4,6,3,1
79,rabbit,5,6,3,3
79,turtle,0,7,2,3
79,turtle,1,7,0,1
79,turtle,2,7,1,0
79,turtle,3,7,3,2
79,turtle,4,7,3,2
79,rabbit,5,7,3,1
79,turtle,0,8,3,3
79,turtle,1,8,0,0
79,turtle,2,8,1,1
79,turtle,3,8,3,3
79,turtle,4,8,2,2
79,rabbit,5,8,1,1
79,turtle,0,9,2,3
79,turtle,1,9,0,1
79,turtle,2,9,1,0
79,turtle,3,9,2,3
79,turtle,4,9,2,1
79,rabbit,5,9,3,1
79,turtle,0,10,3,3
79,turtle,1,10,0,0
79,turtle,2,10,1,1
79,turtle,3,10,2,2
79,turtle,4,10,3,1
79,rabbit,5,10,3,3
79,turtle,0,11,2,3
79,turtle,1,11,0,1
79,turtle,2,11,2,1
79,turtle,3,11,2,3
79,turtle,4,11,2,1
79,rabbit,5,11,1,3
79,turtle,0,12,3,3
79,turtle,1,12,1,1
79,turtle,2,12,2,2
79,turtle,3,12,2,2
79,turtle,4,12,2,2
80,turtle,0,1,1,0
80,turtle,1,1,2,1
80,turtle,2,1,1,0
80,turtle,3,1,1,0
80,turtle,4,1,0,1
80,rabbit,5,1,3,1
80,turtle,0,2,0,0
80,turtle,1,2,3,1
80,turtle,2,2,2,0
80,turtle,3,2,2,0
80,turtle,4,2,0,2
80,rabbit,5,2,1,1
80,turtle,0,3,1,0
80,turtle,1,3,3,2
80,turtle,2,3,1,0
80,turtle,3,3,1,0
80,turtle,4,3,0,1
80,rabbit,5,3,3,1
80,turtle,0,4,1,1
80,turtle,1,4,3,1
80,turtle,2,4,0,0
80,turtle,3,4,1,1
80,turtle,4,4,0,0
80,rabbit,5,4,3,3
80,turtle,0,5,1,0
80,turtle,1,5,3,2
80,turtle,2,5,0,1
80,turtle,3,5,0,1
80,turtle,4,5,0,1
80,rabbit,5,5,1,3
80,turtle,0,6,0,0
80,turtle,1,6,3,3
80,turtle,2,6,0,0
80,turtle,3,6,0,0
80,turtle,4,6,0,0
81,turtle,0,1,0,1
81,turtle,1,1,0,1
81,turtle,2,1,0,1
81,turtle,3,1,2,1
81,turtle,4,1,1,0
81,rabbit,5,1,3,1
81,turtle,0,2,0,2
81,turtle,1,2,1,1
81,turtle,2,2,0,2
81,turtle,3,2,1,1
81,turtle,4,2,0,0
81,rabbit,5,2,3,3
81,turtle,0,3,0,1
81,turtle,1,3,0,1
81,turtle,2,3,0,1
81,turtle,3,3,0,1
81,turtle,4,3,1,0
81,rabbit,5,3,1,3
81,turtle,0,4,1,1
81,turtle,1,4,1,1
81,turtle,2,4,0,0
81,turtle,3,4,1,1
81,turtle,4,4,2,0
82,turtle,0,1,1,0
82,turtle,1,1,1,0
82,turtle,2,1,2,1
82,turtle,3,1,0,1
82,turtle,4,1,1,0
82,rabbit,5,1,3,1
82,turtle,0,2,1,1
82,turtle,1,2,1,1
82,turtle,2,2,3,1
82,turtle,3,2,1,1
82,turtle,4,2,1,1
82,rabbit,5,2,1,1
82,turtle,0,3,2,1
82,turtle,1,3,0,1
82,turtle,2,3,2,1
82,turtle,3,3,1,0
82,turtle,4,3,2,1
82,rabbit,5,3,3,1
82,turtle,0,4,3,1
82,turtle,1,4,0,2
82,turtle,2,4,2,2
82,turtle,3,4,1,1
82,turtle,4,4,1,1
82,rabbit,5,4,3,3
82,turtle,0,5,2,1
82,turtle,1,5,0,1
82,turtle,2,5,2,3
82,turtle,3,5,0,1
82,turtle,4,5,0,1
82,rabbit,5,5,3,1
82,turtle,0,6,2,2
82,turtle,1,6,0,2
82,turtle,2,6,1,3
82,turtle,3,6,0,0
82,turtle,4,6,0,0
82,rabbit,5,6,3,3
82,turtle,0,7,3,2
82,turtle,1,7,0,1
83,turtle,0,1,2,1
83,turtle,1,1,2,1
83,turtle,2,1,2,1
83,turtle,3,1,0,1
83,turtle,4,1,1,0
83,rabbit,5,1,3,1
83,turtle,0,2,2,2
83,turtle,1,2,3,1
83,turtle,2,2,2,2
83,turtle,3,2,0,2
83,turtle,4,2,0,0
83,rabbit,5,2,1,1
83,turtle,0,3,2,1
83,turtle,1,3,2,1
83,turtle,2,3,2,1
83,turtle,3,3,0,1
83,turtle,4,3,0,1
83,rabbit,5,3,3,1
83,turtle,0,4,3,1
83,turtle,1,4,1,1
83,turtle,2,4,2,2
83,turtle,3,4,0,0
83,turtle,4,4,0,2
83,rabbit,5,4,3,3
83,turtle,0,5,2,1
83,turtle,1,5,2,1
83,turtle,2,5,1,2
83,turtle,3,5,1,0
83,turtle,4,5,0,1
83,rabbit,5,5,3,1
83,turtle,0,6,3,1
83,turtle,1,6,2,2
83,turtle,2,6,2,2
83,turtle,3,6,1,1
83,turtle,4,6,0,2
83,rabbit,5,6,1,1
83,turtle,0,7,3,2
83,turtle,1,7,2,3
83,turtle,2,7,1,2
83,turtle,3,7,0,1
83,turtle,4,7,0,1
83,rabbit,5,7,3,1
83,turtle,0,8,2,2
83,turtle,1,8,2,2
83,turtle,2,8,1,3
83,turtle,3,8,1,1
83,turtle,4,8,0,2
83,rabbit,5,8,1,1
83,turtle,0,9,1,2
83,turtle,1,9,3,2
84,turtle,0,1,0,1
84,turtle,1,1,2,1
84,turtle,2,1,1,0
84,turtle,3,1,1,0
84,turtle,4,1,0,1
84,rabbit,5,1,3,1
84,turtle,0,2,1,1
84,turtle,1,2,3,1
84,turtle,2,2,1,1
84,turtle,3,2,2,0
84,turtle,4,2,0,0
84,rabbit,5,2,1,1
84,turtle,0,3,0,1
84,turtle,1,3,2,1
84,turtle,2,3,2,1
84,turtle,3,3,1,0
84,turtle,4,3,0,1
84,rabbit,5,3,3,1
84,turtle,0,4,0,2
84,turtle,1,4,1,1
84,turtle,2,4,1,1
84,turtle,3,4,1,1
84,turtle,4,4,1,1
84,rabbit,5,4,1,1
84,turtle,0,5,0,1
84,turtle,1,5,1,0
84,turtle,2,5,2,1
84,turtle,3,5,2,1
84,turtle,4,5,1,0
84,rabbit,5,5,3,1
84,turtle,0,6,0,2
84,turtle,1,6,1,1
84,turtle,2,6,3,1
84,turtle,3,6,3,1
84,turtle,4,6,0,0
84,rabbit,5,6,1,1
84,turtle,0,7,0,1
84,turtle,1,7,1,0
84,turtle,2,7,3,2
84,turtle,3,7,2,1
84,turtle,4,7,0,1
84,rabbit,5,7,3,1
84,turtle,0,8,0,0
84,turtle,1,8,0,0
84,turtle,2,8,2,2
84,turtle,3,8,2,2
84,turtle,4,8,0,0
84,rabbit,5,8,1,1
84,turtle,0,9,1,0
84,turtle,1,9,1,0
84,turtle,2,9,1,2
84,turtle,3,9,1,2
84,turtle,4,9,1,0
84,rabbit,5,9,3,1
84,turtle,0,10,1,1
84,turtle,1,10,2,0
84,turtle,2,10,2,2
84,turtle,3,10,2,2
84,turtle,4,10,2,0
84,rabbit,5,10,3,3
84,turtle,0,11,1,0
84,turtle,1,11,1,0
84,turtle,2,11,2,3
84,turtle,3,11,3,2
84,turtle,4,11,1,0
84,rabbit,5,11,3,1
84,turtle,0,12,1,1
84,turtle,1,12,0,0
84,turtle,2,12,1,3
84,turtle,3,12,3,1
84,turtle,4,12,2,0
84,rabbit,5,12,3,3
84,turtle,0,13,2,1
84,turtle,1,13,1,0
85,turtle,0,1,0,1
85,turtle,1,1,0,1
85,turtle,2,1,1,0
85,turtle,3,1,2,1
85,turtle,4,1,1,0
85,rabbit,5,1,3,1
85,turtle,0,2,0,0
85,turtle,1,2,0,0
85,turtle,2,2,1,1
85,turtle,3,2,1,1
85,turtle,4,2,0,0
85,rabbit,5,2,1,1
85,turtle,0,3,1,0
85,turtle,1,3,1,0
85,turtle,2,3,1,0
85,turtle,3,3,2,1
85,turtle,4,3,1,0
85,rabbit,5,3,3,1
85,turtle,0,4,2,0
85,turtle,1,4,0,0
85,turtle,2,4,0,0
85,turtle,3,4,2,2
85,turtle,4,4,1,1
85,rabbit,5,4,3,3
85,turtle,0,5,1,0
85,turtle,1,5,0,1
85,turtle,2,5,0,1
85,turtle,3,5,2,3
85,turtle,4,5,0,1
85,rabbit,5,5,3,1
85,turtle,0,6,1,1
85,turtle,1,6,0,0
85,turtle,2,6,0,2
85,turtle,3,6,1,3
85,turtle,4,6,0,0
85,rabbit,5,6,3,3
85,turtle,0,7,1,0
85,turtle,1,7,1,0
85,turtle,2,7,0,1
86,turtle,0,1,0,1
86,turtle,1,1,1,0
86,turtle,2,1,1,0
86,turtle,3,1,2,1
86,turtle,4,1,2,1
86,rabbit,5,1,3,1
86,turtle,0,2,0,2
86,turtle,1,2,2,0
86,turtle,2,2,0,0
86,turtle,3,2,2,2
86,turtle,4,2,3,1
86,rabbit,5,2,3,3
86,turtle,0,3,0,1
86,turtle,1,3,1,0
86,turtle,2,3,0,1
86,turtle,3,3,2,3
86,turtle,4,3,3,2
86,rabbit,5,3,3,1
86,turtle,0,4,0,2
86,turtle,1,4,0,0
86,turtle,2,4,0,0
86,turtle,3,4,3,3
86,turtle,4,4,2,2
86,rabbit,5,4,3,3
86,turtle,0,5,0,1
86,turtle,1,5,0,1
86,turtle,2,5,1,0
86,turtle,3,5,2,3
86,turtle,4,5,2,1
86,rabbit,5,5,3,1
86,turtle,0,6,1,1
86,turtle,1,6,1,1
86,turtle,2,6,1,1
86,turtle,3,6,3,3
86,turtle,4,6,3,1
86,rabbit,5,6,1,1
86,turtle,0,7,1,0
86,turtle,1,7,1,0
86,turtle,2,7,1,0
86,turtle,3,7,3,2
86,turtle,4,7,2,1
86,rabbit,5,7,3,1
86,turtle,0,8,2,0
86,turtle,1,8,1,1
86,turtle,2,8,0,0
86,turtle,3,8,3,1
86,turtle,4,8,1,1
86,rabbit,5,8,1,1
86,turtle,0,9,1,0
86,turtle,1,9,0,1
86,turtle,2,9,1,0
86,turtle,3,9,3,2
86,turtle,4,9,1,0
86,rabbit,5,9,3,1
86,turtle,0,10,2,0
86,turtle,1,10,0,2
86,turtle,2,10,0,0
86,turtle,3,10,2,2
86,turtle,4,10,1,1
86,rabbit,5,10,1,1
86,turtle,0,11,1,0
86,turtle,1,11,0,1
86,turtle,2,11,1,0
86,turtle,3,11,2,1
86,turtle,4,11,0,1
86,rabbit,5,11,3,1
86,turtle,0,12,2,0
86,turtle,1,12,0,2
86,turtle,2,12,2,0
86,turtle,3,12,3,1
86,turtle,4,12,0,0
86,rabbit,5,12,1,1
86,turtle,0,13,1,0
86,turtle,1,13,0,1
86,turtle,2,13,1,0
86,turtle,3,13,3,2
86,turtle,4,13,1,0
86,rabbit,5,13,3,1
86,turtle,0,14,0,0
86,turtle,1,14,0,0
86,turtle,2,14,0,0
86,turtle,3,14,3,1
86,turtle,4,14,1,1
86,rabbit,5,14,1,1
86,turtle,0,15,1,0
86,turtle,1,15,1,0
86,turtle,2,15,1,0
86,turtle,3,15,2,1
86,turtle,4,15,1,0
86,rabbit,5,15,3,1
86,turtle,0,16,1,1
86,turtle,1,16,2,0
86,turtle,2,16,1,1
86,turtle,3,16,2,2
86,turtle,4,16,0,0
86,rabbit,5,16,1,1
86,turtle,0,17,0,1
86,turtle,1,17,1,0
86,turtle,2,17,1,0
86,turtle,3,17,2,1
86,turtle,4,17,0,1
86,rabbit,5,17,3,1
86,turtle,0,18,0,2
86,turtle,1,18,0,0
86,turtle,2,18,0,0
86,turtle,3,18,1,1
86,turtle,4,18,0,0
86,rabbit,5,18,3,3
86,turtle,0,19,0,1
86,turtle,1,19,1,0
86,turtle,2,19,1,0
86,turtle,3,19,0,1
86,turtle,4,19,1,0
86,rabbit,5,19,1,3
86,turtle,0,20,1,1
86,turtle,1,20,0,0
86,turtle,2,20,0,0
86,turtle,3,20,0,2
86,turtle,4,20,2,0
87,turtle,0,1,2,1
87,turtle,1,1,0,1
87,turtle,2,1,1,0
87,turtle,3,1,2,1
87,turtle,4,1,2,1
87,rabbit,5,1,3,1
87,turtle,0,2,1,1
87,turtle,1,2,0,2
87,turtle,2,2,2,0
87,turtle,3,2,3,1
87,turtle,4,2,3,1
87,rabbit,5,2,3,3
87,turtle,0,3,0,1
87,turtle,1,3,0,1
87,turtle,2,3,1,0
87,turtle,3,3,2,1
87,turtle,4,3,2,1
87,rabbit,5,3,1,3
87,turtle,0,4,1,1
87,turtle,1,4,0,0
87,turtle,2,4,1,1
87,turtle,3,4,2,2
87,turtle,4,4,1,1
88,turtle,0,1,1,0
88,turtle,1,1,0,1
88,turtle,2,1,2,1
88,turtle,3,1,2,1
88,turtle,4,1,1,0
88,rabbit,5,1,3,1
88,turtle,0,2,1,1
88,turtle,1,2,1,1
88,turtle,2,2,2,2
88,turtle,3,2,1,1
88,turtle,4,2,0,0
88,rabbit,5,2,3,3
88,turtle,0,3,0,1
88,turtle,1,3,2,1
88,turtle,2,3,3,2
88,turtle,3,3,1,0
88,turtle,4,3,0,1
88,rabbit,5,3,1,3
88,turtle,0,4,1,1
88,turtle,1,4,2,2
88,turtle,2,4,2,2
88,turtle,3,4,0,0
88,turtle,4,4,0,0
89,turtle,0,1,2,1
89,turtle,1,1,2,1
89,turtle,2,1,0,1
89,turtle,3,1,2,1
89,turtle,4,1,1,0
89,rabbit,5,1,3,1
89,turtle,0,2,3,1
89,turtle,1,2,1,1
89,turtle,2,2,1,1
89,turtle,3,2,2,2
89,turtle,4,2,2,0
89,rabbit,5,2,3,3
89,turtle,0,3,3,2
89,turtle,1,3,1,0
89,turtle,2,3,1,0
89,turtle,3,3,1,2
89,turtle,4,3,1,0
89,rabbit,5,3,1,3
89,turtle,0,4,3,3
89,turtle,1,4,1,1
89,turtle,2,4,0,0
89,turtle,3,4,2,2
89,turtle,4,4,0,0
90,turtle,0,1,2,1
90,turtle,1,1,0,1
90,turtle,2,1,1,0
90,turtle,3,1,1,0
90,turtle,4,1,0,1
90,rabbit,5,1,3,1
90,turtle,0,2,1,1
90,turtle,1,2,0,2
90,turtle,2,2,1,1
90,turtle,3,2,0,0
90,turtle,4,2,0,2
90,rabbit,5,2,3,3
90,turtle,0,3,1,0
90,turtle,1,3,0,1
90,turtle,2,3,0,1
90,turtle,3,3,0,1
90,turtle,4,3,0,1
90,rabbit,5,3,3,1
90,turtle,0,4,2,0
90,turtle,1,4,0,2
90,turtle,2,4,1,1
90,turtle,3,4,0,2
90,turtle,4,4,0,0
90,rabbit,5,4,1,1
90,turtle,0,5,1,0
90,turtle,1,5,0,1
90,turtle,2,5,1,0
90,turtle,3,5,0,1
90,turtle,4,5,1,0
90,rabbit,5,5,3,1
90,turtle,0,6,2,0
90,turtle,1,6,1,1
90,turtle,2,6,2,0
90,turtle,3,6,1,1
90,turtle,4,6,1,1
90,rabbit,5,6,1,1
90,turtle,0,7,1,0
90,turtle,1,7,2,1
90,turtle,2,7,1,0
90,turtle,3,7,1,0
90,turtle,4,7,2,1
90,rabbit,5,7,3,1
90,turtle,0,8,1,1
90,turtle,1,8,2,2
90,turtle,2,8,2,0
90,turtle,3,8,1,1
90,turtle,4,8,1,1
90,rabbit,5,8,3,3
90,turtle,0,9,1,0
90,turtle,1,9,2,3
90,turtle,2,9,1,0
90,turtle,3,9,2,1
90,turtle,4,9,0,1
90,rabbit,5,9,1,3
90,turtle,0,10,0,0
90,turtle,1,10,3,3
90,turtle,2,10,0,0
90,turtle,3,10,1,1
90,turtle,4,10,0,0
91,turtle,0,1,2,1
91,turtle,1,1,2,1
91,turtle,2,1,1,0
91,turtle,3,1,0,1
91,turtle,4,1,0,1
91,rabbit,5,1,3,1
91,turtle,0,2,2,2
91,turtle,1,2,2,2
91,turtle,2,2,1,1
91,turtle,3,2,0,2
91,turtle,4,2,0,2
91,rabbit,5,2,3,3
91,turtle,0,3,3,2
91,turtle,1,3,2,1
91,turtle,2,3,1,0
91,turtle,3,3,0,1
91,turtle,4,3,0,1
91,rabbit,5,3,1,3
91,turtle,0,4,3,1
91,turtle,1,4,3,1
91,turtle,2,4,2,0
91,turtle,3,4,0,0
91,turtle,4,4,0,2
92,turtle,0,1,1,0
92,turtle,1,1,1,0
92,turtle,2,1,0,1
92,turtle,3,1,1,0
92,turtle,4,1,0,1
92,rabbit,5,1,3,1
92,turtle,0,2,1,1
92,turtle,1,2,1,1
92,turtle,2,2,0,2
92,turtle,3,2,0,0
92,turtle,4,2,1,1
92,rabbit,5,2,1,1
92,turtle,0,3,0,1
92,turtle,1,3,0,1
92,turtle,2,3,0,1
92,turtle,3,3,1,0
92,turtle,4,3,2,1
92,rabbit,5,3,3,1
92,turtle,0,4,1,1
92,turtle,1,4,0,2
92,turtle,2,4,1,1
92,turtle,3,4,2,0
92,turtle,4,4,2,2
92,rabbit,5,4,1,1
92,turtle,0,5,2,1
92,turtle,1,5,0,1
92,turtle,2,5,1,0
92,turtle,3,5,1,0
92,turtle,4,5,1,2
92,rabbit,5,5,3,1
92,turtle,0,6,3,1
92,turtle,1,6,0,0
92,turtle,2,6,2,0
92,turtle,3,6,0,0
92,turtle,4,6,2,2
92,rabbit,5,6,3,3
92,turtle,0,7,3,2
92,turtle,1,7,1,0
92,turtle,2,7,1,0
92,turtle,3,7,1,0
92,turtle,4,7,3,2
92,rabbit,5,7,1,3
92,turtle,0,8,2,2
92,turtle,1,8,0,0
92,turtle,2,8,0,0
92,turtle,3,8,0,0
92,turtle,4,8,3,1
93,turtle,0,1,2,1
93,turtle,1,1,2,1
93,turtle,2,1,0,1
93,turtle,3,1,1,0
93,turtle,4,1,1,0
93,rabbit,5,1,3,1
93,turtle,0,2,3,1
93,turtle,1,2,1,1
93,turtle,2,2,0,0
93,turtle,3,2,0,0
93,turtle,4,2,0,0
93,rabbit,5,2,1,1
93,turtle,0,3,3,2
93,turtle,1,3,1,0
93,turtle,2,3,0,1
93,turtle,3,3,1,0
93,turtle,4,3,1,0
93,rabbit,5,3,3,1
93,turtle,0,4,3,3
93,turtle,1,4,1,1
93,turtle,2,4,0,2
93,turtle,3,4,2,0
93,turtle,4,4,2,0
93,rabbit,5,4,3,3
93,turtle,0,5,3,2
93,turtle,1,5,2,1
93,turtle,2,5,0,1
93,turtle,3,5,1,0
93,turtle,4,5,1,0
93,rabbit,5,5,1,3
93,turtle,0,6,3,1
93,turtle,1,6,1,1
93,turtle,2,6,1,1
93,turtle,3,6,1,1
93,turtle,4,6,0,0
94,turtle,0,1,2,1
94,turtle,1,1,2,1
94,turtle,2,1,2,1
94,turtle,3,1,1,0
94,turtle,4,1,2,1
94,rabbit,5,1,3,1
94,turtle,0,2,1,1
94,turtle,1,2,2,2
94,turtle,2,2,1,1
94,turtle,3,2,1,1
94,turtle,4,2,3,1
94,rabbit,5,2,1,1
94,turtle,0,3,2,1
94,turtle,1,3,2,1
94,turtle,2,3,1,0
94,turtle,3,3,2,1
94,turtle,4,3,3,2
94,rabbit,5,3,3,1
94,turtle,0,4,3,1
94,turtle,1,4,3,1
94,turtle,2,4,0,0
94,turtle,3,4,3,1
94,turtle,4,4,3,3
94,rabbit,5,4,1,1
94,turtle,0,5,2,1
94,turtle,1,5,2,1
94,turtle,2,5,0,1
94,turtle,3,5,3,2
94,turtle,4,5,3,2
94,rabbit,5,5,3,1
94,turtle,0,6,1,1
94,turtle,1,6,1,1
94,turtle,2,6,1,1
94,turtle,3,6,3,3
94,turtle,4,6,3,3
94,rabbit,5,6,3,3
94,turtle,0,7,2,1
94,turtle,1,7,1,0
94,turtle,2,7,0,1
94,turtle,3,7,3,2
94,turtle,4,7,2,3
94,rabbit,5,7,3,1
94,turtle,0,8,2,2
94,turtle,1,8,2,0
94,turtle,2,8,0,0
94,turtle,3,8,2,2
94,turtle,4,8,3,3
94,rabbit,5,8,1,1
94,turtle,0,9,2,3
94,turtle,1,9,1,0
94,turtle,2,9,1,0
94,turtle,3,9,2,1
94,turtle,4,9,2,3
94,rabbit,5,9,3,1
94,turtle,0,10,2,2
94,turtle,1,10,2,0
94,turtle,2,10,2,0
94,turtle,3,10,3,1
94,turtle,4,10,2,2
94,rabbit,5,10,1,1
94,turtle,0,11,3,2
94,turtle,1,11,1,0
94,turtle,2,11,1,0
94,turtle,3,11,3,2
94,turtle,4,11,2,3
94,rabbit,5,11,3,1
94,turtle,0,12,2,2
94,turtle,1,12,1,1
94,turtle,2,12,1,1
94,turtle,3,12,2,2
94,turtle,4,12,1,3
94,rabbit,5,12,1,1
94,turtle,0,13,2,1
94,turtle,1,13,0,1
94,turtle,2,13,2,1
94,turtle,3,13,3,2
95,turtle,0,1,2,1
95,turtle,1,1,2,1
95,turtle,2,1,1,0
95,turtle,3,1,2,1
95,turtle,4,1,0,1
95,rabbit,5,1,3,1
95,turtle,0,2,1,1
95,turtle,1,2,2,2
95,turtle,2,2,0,0
95,turtle,3,2,3,1
95,turtle,4,2,0,2
95,rabbit,5,2,3,3
95,turtle,0,3,2,1
95,turtle,1,3,3,2
95,turtle,2,3,1,0
95,turtle,3,3,2,1
95,turtle,4,3,0,1
95,rabbit,5,3,1,3
95,turtle,0,4,2,2
95,turtle,1,4,3,1
95,turtle,2,4,1,1
95,turtle,3,4,2,2
95,turtle,4,4,0,0
96,turtle,0,1,1,0
96,turtle,1,1,1,0
96,turtle,2,1,1,0
96,turtle,3,1,1,0
96,turtle,4,1,1,0
96,rabbit,5,1,3,1
96,turtle,0,2,1,1
96,turtle,1,2,1,1
96,turtle,2,2,2,0
96,turtle,3,2,1,1
96,turtle,4,2,1,1
96,rabbit,5,2,1,1
96,turtle,0,3,1,0
96,turtle,1,3,2,1
96,turtle,2,3,1,0
96,turtle,3,3,0,1
96,turtle,4,3,1,0
96,rabbit,5,3,3,1
96,turtle,0,4,1,1
96,turtle,1,4,2,2
96,turtle,2,4,2,0
96,turtle,3,4,1,1
96,turtle,4,4,0,0
96,rabbit,5,4,3,3
96,turtle,0,5,2,1
96,turtle,1,5,3,2
96,turtle,2,5,1,0
96,turtle,3,5,0,1
96,turtle,4,5,0,1
96,rabbit,5,5,1,3
96,turtle,0,6,3,1
96,turtle,1,6,3,1
96,turtle,2,6,2,0
96,turtle,3,6,0,0
96,turtle,4,6,0,2
97,turtle,0,1,0,1
97,turtle,1,1,1,0
97,turtle,2,1,0,1
97,turtle,3,1,2,1
97,turtle,4,1,2,1
97,rabbit,5,1,3,1
97,turtle,0,2,0,2
97,turtle,1,2,2,0
97,turtle,2,2,1,1
97,turtle,3,2,1,1
97,turtle,4,2,2,2
97,rabbit,5,2,3,3
97,turtle,0,3,0,1
97,turtle,1,3,1,0
97,turtle,2,3,2,1
97,turtle,3,3,2,1
97,turtle,4,3,2,1
97,rabbit,5,3,1,3
97,turtle,0,4,0,0
97,turtle,1,4,0,0
97,turtle,2,4,1,1
97,turtle,3,4,2,2
97,turtle,4,4,1,1
98,turtle,0,1,1,0
98,turtle,1,1,1,0
98,turtle,2,1,1,0
98,turtle,3,1,2,1
98,turtle,4,1,1,0
98,rabbit,5,1,3,1
98,turtle,0,2,1,1
98,turtle,1,2,2,0
98,turtle,2,2,1,1
98,turtle,3,2,2,2
98,turtle,4,2,0,0
98,rabbit,5,2,3,3
98,turtle,0,3,0,1
98,turtle,1,3,1,0
98,turtle,2,3,0,1
98,turtle,3,3,2,3
98,turtle,4,3,0,1
98,rabbit,5,3,1,3
98,turtle,0,4,0,2
98,turtle,1,4,2,0
98,turtle,2,4,0,2
98,turtle,3,4,3,3
98,turtle,4,4,0,2
99,turtle,0,1,0,1
99,turtle,1,1,1,0
99,turtle,2,1,1,0
99,turtle,3,1,0,1
99,turtle,4,1,1,0
99,rabbit,5,1,3,1
99,turtle,0,2,0,0
99,turtle,1,2,1,1
99,turtle,2,2,1,1
99,turtle,3,2,1,1
99,turtle,4,2,2,0
99,rabbit,5,2,3,3
99,turtle,0,3,1,0
99,turtle,1,3,2,1
99,turtle,2,3,0,1
99,turtle,3,3,0,1
99,turtle,4,3,1,0
99,rabbit,5,3,1,3
99,turtle,0,4,2,0
99,turtle,1,4,3,1
99,turtle,2,4,1,1
99,turtle,3,4,1,1
99,turtle,4,4,0,0
